name,first,last,middle,title,suffix
George Rostrevor Hamilton,George,Hamilton,Rostrevor,,
"Thompson, Caroline H",Caroline,Thompson,H,,
E M Grace,E,Grace,M,,
"Lethbridge, Thomas Charles",Thomas,Lethbridge,Charles,,
Joseph Lowthian Hudson,Joseph,Hudson,Lowthian,,
"Barnes, Henry Edwin",Henry,Barnes,Edwin,,
Michael L Williams,Michael,Williams,L,,
"Westwood, John Obadiah",John,Westwood,Obadiah,,
Edward William Vernon Harcourt,Edward,Harcourt,William Vernon,,
"Ashton, Thomas Gair",Thomas,Ashton,Gair,,
Harry Marshall Ward,Harry,Ward,Marshall,,
"Ewing, Juliana Horatia",Juliana,Ewing,Horatia,,
John Cunningham Saunders,John,Saunders,Cunningham,,
"Cook, Paul Anthony",Paul,Cook,Anthony,,
Edward Henry Trotter,Edward,Trotter,Henry,,
"Bush, Stephen J",Stephen,Bush,J,,
Henry William Bunbury,Henry,Bunbury,William,,
"Acton, Charles Januarius",Charles,Acton,Januarius,,
Frederic Arthur Kelley,Frederic,Kelley,Arthur,,
"Montagu, Edwin Samuel",Edwin,Montagu,Samuel,,
Michael E Pegram,Michael,Pegram,E,,
"Waterhouse, John William",John,Waterhouse,William,,
G D'Arcy Boulton,G,Boulton,D'Arcy,,
"Fox-Davies, Arthur Charles",Arthur,Fox-Davies,Charles,,
John Henry Jones,John,Jones,Henry,,
"Webb, George James",George,Webb,James,,
Louis L Redding,Louis,Redding,L,,
"Davies, Hugh Sykes",Hugh,Davies,Sykes,,
John Wallace Linton,John,Linton,Wallace,,
"Walter, Alan Fitz",Alan,Walter,Fitz,,
James B Francis,James,Francis,B,,
"Hudson, Robert William",Robert,Hudson,William,,
Kenneth Hamilton Jenkin,Kenneth,Jenkin,Hamilton,,
"Conway, John S",John,Conway,S,,
John Basson Humffray,John,Humffray,Basson,,
"Croker, John Wilson",John,Croker,Wilson,,
Nguyen Xuan Ngai,Nguyen,Ngai,Xuan,,
"Centre, Carrubbers Christian",Carrubbers,Centre,Christian,,
Innes Harold Stranger,Innes,Stranger,Harold,,
"Gosset, William Sealy",William,Gosset,Sealy,,
Charlotte Mary Yonge,Charlotte,Yonge,Mary,,
"Strong, Samuel Henry",Samuel,Strong,Henry,,
Fine Young Cannibals,Fine,Cannibals,Young,,
"Hills, Richard L",Richard,Hills,L,,
David Alfred Thomas,David,Thomas,Alfred,,
"Englander, A A",A,Englander,A,,
Cha Cha Cohen,Cha,Cohen,Cha,,
"Greenhill, Alfred George",Alfred,Greenhill,George,,
Ben T Russell,Ben,Russell,T,,
"Handley, Wal L",Wal,Handley,L,,
Sheilah Graham Westbrook,Sheilah,Westbrook,Graham,,
"Santmyer, Helen Hooven",Helen,Santmyer,Hooven,,
John E Owens,John,Owens,E,,
"Tennant, Edward Wyndham",Edward,Tennant,Wyndham,,
B V Bowden,B,Bowden,V,,
"Seymour, Edward Hobart",Edward,Seymour,Hobart,,
Arthur Shearly Cripps,Arthur,Cripps,Shearly,,
"Bronson, James H",James,Bronson,H,,
Little Jack Little,Little,Little,Jack,,
"Ieuaf, Hywel Ap",Hywel,Ieuaf,Ap,,
Ernest Henry Shears,Ernest,Shears,Henry,,
"Tuke, James Hack",James,Tuke,Hack,,
George Edward Cates,George,Cates,Edward,,
"Nation, Carrie A",Carrie,Nation,A,,
Roy Ward Baker,Roy,Baker,Ward,,
"Taylor, John Mark",John,Taylor,Mark,,
James Henry Monk,James,Monk,Henry,,
"Brewer, Ebenezer Cobham",Ebenezer,Brewer,Cobham,,
J Bruce Ismay,J,Ismay,Bruce,,
"Ford, Brian J",Brian,Ford,J,,
Charles Hesterman Merz,Charles,Merz,Hesterman,,
"Riots,  Newark",,Riots,Newark,,
Anthony Clarke Booth,Anthony,Booth,Clarke,,
"Studios, Little Tardis",Little,Studios,Tardis,,
John Cooper Forster,John,Forster,Cooper,,
"Williams, Thomas H",Thomas,Williams,H,,
James Clark Mcreynolds,James,Mcreynolds,Clark,,
"Annan, Daniel Francis",Daniel,Annan,Francis,,
George H Bryan,George,Bryan,H,,
"Fuller, Meta Vaux Warrick",Meta,Fuller,Vaux Warrick,,
Robin Llwyd Ab Owain,Robin,Owain,Llwyd Ab,,
"Wigington, Clarence W",Clarence,Wigington,W,,
William Howe Delancey,William,Delancey,Howe,,
"Shahbazi, Alireza Shapour",Alireza,Shahbazi,Shapour,,
Los Super Elegantes,Los,Elegantes,Super,,
"Rogers, George Herbert",George,Rogers,Herbert,,
William F Woodington,William,Woodington,F,,
"Massey, William Nathaniel",William,Massey,Nathaniel,,
William Crawford Williamson,William,Williamson,Crawford,,
"Workman, Charles H",Charles,Workman,H,,
Charles William Bowerman,Charles,Bowerman,William,,
"Stokes, Henry Sewell",Henry,Stokes,Sewell,,
Habib Nasib Nader,Habib,Nader,Nasib,,
"Esmond, Henry V",Henry,Esmond,V,,
Thomas Walter Jennings,Thomas,Jennings,Walter,,
"Dunning, Charles Avery",Charles,Dunning,Avery,,
Emrys Ap Iwan,Emrys,Iwan,Ap,,
"Saunders, William Wilson",William,Saunders,Wilson,,
Earl G Yarbrough,Earl,Yarbrough,G,,
"Gill, Parmjit Singh",Parmjit,Gill,Singh,,
C H Douglas,C,Douglas,H,,
"Gwylog, Elisedd Ap",Elisedd,Gwylog,Ap,,
William Gifford Palgrave,William,Palgrave,Gifford,,
"Oglesby, Richard James",Richard,Oglesby,James,,
Bryan R Wilson,Bryan,Wilson,R,,
"Stoner, Edmund Clifton",Edmund,Stoner,Clifton,,
Elizabeth Jennings Graham,Elizabeth,Graham,Jennings,,
"Simms, George Otto",George,Simms,Otto,,
Moses A Hopkins,Moses,Hopkins,A,,
"Pillay, Gerald J",Gerald,Pillay,J,,
Freddy Shepherd,Freddy,Shepherd,,,
"Blumenthal, Heston",Heston,Blumenthal,,,
Keith Shine,Keith,Shine,,,
"Lamont, John",John,Lamont,,,
John Silkin,John,Silkin,,,
"Courtney, Richard",Richard,Courtney,,,
Eldridge Cleaver,Eldridge,Cleaver,,,
"Holdsworth, Dean",Dean,Holdsworth,,,
Duncan Mclaren,Duncan,Mclaren,,,
"Newbon, Gary",Gary,Newbon,,,
Brian Greene,Brian,Greene,,,
"Willingham, Ken",Ken,Willingham,,,
Alfred Waud,Alfred,Waud,,,
"David, Dharshini",Dharshini,David,,,
George Ault,George,Ault,,,
"Davies, Bryn",Bryn,Davies,,,
Richard Jugge,Richard,Jugge,,,
"Sinden, Jeremy",Jeremy,Sinden,,,
Frederick Cavendish,Frederick,Cavendish,,,
"Carey, Archibald",Archibald,Carey,,,
Nicola Stanbridge,Nicola,Stanbridge,,,
"Beaumont, Dave",Dave,Beaumont,,,
Ernest Creighton,Ernest,Creighton,,,
"Bamford, Maria",Maria,Bamford,,,
Michael Harris,Michael,Harris,,,
"Neame, Philip",Philip,Neame,,,
Raymond Lygo,Raymond,Lygo,,,
"Blaney, Donal",Donal,Blaney,,,
Drew Bledsoe,Drew,Bledsoe,,,
"Dingle, Butch",Butch,Dingle,,,
David Bailey,David,Bailey,,,
"Townshend, Cliff",Cliff,Townshend,,,
Kieran Gibbs,Kieran,Gibbs,,,
"Wolfram, Stephen",Stephen,Wolfram,,,
Sasha Perera,Sasha,Perera,,,
"Williamson, Mike",Mike,Williamson,,,
John Amias,John,Amias,,,
"Garrod, Archibald",Archibald,Garrod,,,
Michael King,Michael,King,,,
"Bishop, David",David,Bishop,,,
William Lloyd,William,Lloyd,,,
"Drennan, Martin",Martin,Drennan,,,
Henry Strauss,Henry,Strauss,,,
"Hollins, Ellis",Ellis,Hollins,,,
John Pringle,John,Pringle,,,
"Murray, Matthew",Matthew,Murray,,,
Otis Hartley,Otis,Hartley,,,
"Hulbert, Jack",Jack,Hulbert,,,
Francis Freeling,Francis,Freeling,,,
"Toone, Frederick",Frederick,Toone,,,
Chrissie Wellington,Chrissie,Wellington,,,
"Reid, Alex",Alex,Reid,,,
Dean Brill,Dean,Brill,,,
"Anderson, Daphne",Daphne,Anderson,,,
Rob Davies,Rob,Davies,,,
"Gaunt, William",William,Gaunt,,,
Julie Buckfield,Julie,Buckfield,,,
"Sandel, Michael",Michael,Sandel,,,
Sean Haslegrave,Sean,Haslegrave,,,
"Braine, John",John,Braine,,,
George Parshall,George,Parshall,,,
"Pinn, Robert",Robert,Pinn,,,
William King,William,King,,,
"Lake, Greg",Greg,Lake,,,
Jane Birkin,Jane,Birkin,,,
"Curr, Edward",Edward,Curr,,,
Clifford Harper,Clifford,Harper,,,
"Mitchell, Tom",Tom,Mitchell,,,
Falconer Madan,Falconer,Madan,,,
"Neate, Patrick",Patrick,Neate,,,
Barrie Bates,Barrie,Bates,,,
"Bone, Peter",Peter,Bone,,,
Alfred Butler,Alfred,Butler,,,
"Tanqueray, Paul",Paul,Tanqueray,,,
Philip Turner,Philip,Turner,,,
"Robinson, Rachel",Rachel,Robinson,,,
Gillian Knight,Gillian,Knight,,,
"French, Nicki",Nicki,French,,,
William Foulke,William,Foulke,,,
"Midgley, Gladys",Gladys,Midgley,,,
Dean Downing,Dean,Downing,,,
"Spedding, Charlie",Charlie,Spedding,,,
Robert Worcester,Robert,Worcester,,,
"Martin, Leslie",Leslie,Martin,,,
Brian Horton,Brian,Horton,,,
"Hill, Oliver",Oliver,Hill,,,
Keith Hampson,Keith,Hampson,,,
"Powell, Darren",Darren,Powell,,,
Lloyd Doyley,Lloyd,Doyley,,,
"Dragas, George",George,Dragas,,,
Howie Camnitz,Howie,Camnitz,,,
"Rickards, John",John,Rickards,,,
Selwyn Image,Selwyn,Image,,,
"Osborne, Sarah",Sarah,Osborne,,,
Henry Compton,Henry,Compton,,,
"Redmond, Moira",Moira,Redmond,,,
Charles Manners,Charles,Manners,,,
"Hunt, Kenneth",Kenneth,Hunt,,,
Lena Jeger,Lena,Jeger,,,
"Rush, Ian",Ian,Rush,,,
Richard Grimsdale,Richard,Grimsdale,,,
"Hodges, Johnny",Johnny,Hodges,,,
Andrew Wilson,Andrew,Wilson,,,
"Gobbo, James",James,Gobbo,,,
Nicholas Nuttall,Nicholas,Nuttall,,,
"Bateman, Sean",Sean,Bateman,,,
Andy Pick,Andy,Pick,,,
"Woolston, Thomas",Thomas,Woolston,,,
Barry Quinn,Barry,Quinn,,,
"Lovich, Lene",Lene,Lovich,,,
Barry Trapnell,Barry,Trapnell,,,
"Riddle, Stu",Stu,Riddle,,,
Rosamund Clifford,Rosamund,Clifford,,,
"Montagu, Henry",Henry,Montagu,,,
Jody Dobrowski,Jody,Dobrowski,,,
"Truelove, Owen",Owen,Truelove,,,
Jacob Sanders,Jacob,Sanders,,,
"Abrahams, Esther",Esther,Abrahams,,,
Patrick Harvie,Patrick,Harvie,,,
"Baker, Janet",Janet,Baker,,,
Robert Vernon,Robert,Vernon,,,
"Currie, Tony",Tony,Currie,,,
John Whitbourn,John,Whitbourn,,,
"Lyell, Nicholas",Nicholas,Lyell,,,
Tony Rolt,Tony,Rolt,,,
"Brereton, William",William,Brereton,,,
Robert Pugh,Robert,Pugh,,,
"Moore, Billy",Billy,Moore,,,
Conrad Gates,Conrad,Gates,,,
"Neitz, David",David,Neitz,,,
Peter Callander,Peter,Callander,,,
"Hancox, Richard",Richard,Hancox,,,
Heneage Finch,Heneage,Finch,,,
"Miller, Trevor",Trevor,Miller,,,
Jeffrey Tate,Jeffrey,Tate,,,
"Francis, Stu",Stu,Francis,,,
Leslie Plummer,Leslie,Plummer,,,
"Thomas, Sandy",Sandy,Thomas,,,
Albert Hall,Albert,Hall,,,
"Cale, John",John,Cale,,,
Gilbert Longden,Gilbert,Longden,,,
"Abrahams, Sidney",Sidney,Abrahams,,,
Alexander Windsor,Alexander,Windsor,,,
"Hayes, Frank",Frank,Hayes,,,
Charles Wilmot,Charles,Wilmot,,,
"Ludham, Godfrey",Godfrey,Ludham,,,
Bob Shankly,Bob,Shankly,,,
"Silver, Millicent",Millicent,Silver,,,
Joseph Hewitt,Joseph,Hewitt,,,
"Lancaster, Stuart",Stuart,Lancaster,,,
Nigel Roebuck,Nigel,Roebuck,,,
"Simmons, Rachel",Rachel,Simmons,,,
Alfred Tasker,Alfred,Tasker,,,
"Imiela, Antoni",Antoni,Imiela,,,
Michael Horovitz,Michael,Horovitz,,,
"Mordt, Nils",Nils,Mordt,,,
Robert Bell,Robert,Bell,,,
"Hughes, Bettany",Bettany,Hughes,,,
Tom Sykes,Tom,Sykes,,,
"Ryder, Janet",Janet,Ryder,,,
Tony Di Bart,Tony,Di,,,Bart
George Beet Jnr.,George,Beet,,,Jnr.
William Rathbone III,William,Rathbone,,,III
Henry Wise Jr.,Henry,Wise,,,Jr.
Thomas Assheton Smith I,Thomas,Smith,Assheton,,I
A Jackson Jr.,A,Jackson,,,Jr.
Kenny Cooper Sr.,Kenny,Cooper,,,Sr.
Andrew Hugine Jr.,Andrew,Hugine,,,Jr.
Elmer P Martin Jr.,Elmer,Martin,P,,Jr.
Yen Ngoc Do,Yen,Ngoc,,,Do
Thomas Tresham I,Thomas,Tresham,,,I
Thomas Wedgwood IV,Thomas,Wedgwood,,,IV
Thomas Assheton Smith I,Thomas,Smith,Assheton,,I
George Beet Snr.,George,Beet,,,Snr.
Aubrey De Vere III,Aubrey,De Vere,,,III
John Shaw Jr,John,Shaw,,,Jr
George Shenton Sr,George,Shenton,,,Sr
John Wesley Work III,John,Work,Wesley,,III
Josiah Wedgwood III,Josiah,Wedgwood,,,III
Joseph Burke II,Joseph,Burke,,,II
