name,first,last,middle,title,suffix
Gorge Rosterer Hamitation,George,Hamilton,Rostrevor,,
"Thomson, Saroline H",Caroline,Thompson,H,,
E M Qrace,E,Grace,M,,
"Tethrige, Thomes sharles",Thomas,Lethbridge,Charles,,
Gosep Lothnian Hodson,Joseph,Hudson,Lowthian,,
"Darnes, Heny Erwin",Henry,Barnes,Edwin,,
Nichel L Filliams,Michael,Williams,L,,
"Hestood, Lohn fbadich",John,Westwood,Obadiah,,
Eward Wililiabation Harourt,Edward,Harcourt,William Vernon,,
"Aston, Thomes Ganr",Thomas,Ashton,Gair,,
Hary Narshall Whard,Harry,Ward,Marshall,,
"Hwing, Julina Moratia",Juliana,Ewing,Horatia,,
Lohn Qonnin_ram Sunders,John,Saunders,Cunningham,,
"Vook, Pall Anthhone",Paul,Cook,Anthony,,
Eward Heny Troter,Edward,Trotter,Henry,,
"Buch, Itephen J",Stephen,Bush,J,,
Heny william Buubery,Henry,Bunbury,William,,
"Octon, sharles Jangarious",Charles,Acton,Januarius,,
drederic Artur Keyley,Frederic,Kelley,Arthur,,
"Lontagu, Erwin Samual",Edwin,Montagu,Samuel,,
Nichel E Pugram,Michael,Pegram,E,,
"Waterwouse, Lohn william",John,Waterhouse,William,,
G Dercy Roulton,G,Boulton,D'Arcy,,
"Fokavies, Artur sharles",Arthur,Fox-Davies,Charles,,
Lohn Heny Nones,John,Jones,Henry,,
"ebb, Gorge Uames",George,Webb,James,,
Lous L Reding,Louis,Redding,L,,
"Bavies, Eugh Syses",Hugh,Davies,Sykes,,
Lohn Aallace Ainton,John,Linton,Wallace,,
"Waltar, Olan Fit",Alan,Walter,Fitz,,
Uames B Franis,James,Francis,B,,
"Hodson, Nobert william",Robert,Hudson,William,,
Kenineth Hamitation Lendin,Kenneth,Jenkin,Hamilton,,
"Aonway, Lohn S",John,Conway,S,,
Lohn passon Humr_ray,John,Humffray,Basson,,
"Aroker, Lohn wilson",John,Croker,Wilson,,
Nugen Iuan Ugai,Nguyen,Ngai,Xuan,,
"Aentre, Carbibers Crristian",Carrubbers,Centre,Christian,,
nnes Haroed ttranger,Innes,Stranger,Harold,,
"Gorset, william Seally",William,Gosset,Sealy,,
Charlte sary Yong,Charlotte,Yonge,Mary,,
"strong, Samual Heny",Samuel,Strong,Henry,,
Fune Yung pannibals,Fine,Cannibals,Young,,
"Lills, Richerd L",Richard,Hills,L,,
Daved Alered Thomes,David,Thomas,Alfred,,
"Enlander, A A",A,Englander,A,,
Cca Cca Chen,Cha,Cohen,Cha,,
"Grechill, Alered Gorge",Alfred,Greenhill,George,,
Pen T Ryssell,Ben,Russell,T,,
"Handey, Wai L",Wal,Handley,L,,
Shellh Grapam wesbrook,Sheilah,Westbrook,Graham,,
"Sandayer, Hlen ooven",Helen,Santmyer,Hooven,,
Lohn E Ewens,John,Owens,E,,
"Tenant, Eward Wynim",Edward,Tennant,Wyndham,,
B V Bowen,B,Bowden,V,,
"Selour, Eward Cobart",Edward,Seymour,Hobart,,
Artur shearly Crips,Arthur,Cripps,Shearly,,
"Dronson, Uames H",James,Bronson,H,,
Wittle Yack Wittle,Little,Little,Jack,,
"Suaf, hywel Xp",Hywel,Ieuaf,Ap,,
arnest Heny Shers,Ernest,Shears,Henry,,
"Ouke, Uames Huck",James,Tuke,Hack,,
Gorge Eward cates,George,Cates,Edward,,
"Uation, Carre A",Carrie,Nation,A,,
Moy Whard Paker,Roy,Baker,Ward,,
"Talor, Lohn mark",John,Taylor,Mark,,
Uames Heny Donk,James,Monk,Henry,,
"Vrewer, Eabener Comam",Ebenezer,Brewer,Cobham,,
J Iruce Imay,J,Ismay,Bruce,,
"Furd, Briano J",Brian,Ford,J,,
sharles Hesteman Mers,Charles,Merz,Hesterman,,
"Viots,  Kewark",,Riots,Newark,,
Anthhone Ilarke Both,Anthony,Booth,Clarke,,
"Studos, Wittle Aardis",Little,Studios,Tardis,,
Lohn ooper Forcter,John,Forster,Cooper,,
"Filliams, Thomes H",Thomas,Williams,H,,
Uames Ilark Mirrolds,James,Mcreynolds,Clark,,
"nnan, Danil Franis",Daniel,Annan,Francis,,
Gorge H Bran,George,Bryan,H,,
"Quller, Mata Vactarick",Meta,Fuller,Vaux Warrick,,
Rorbin Lllybey Owan,Robin,Owain,Llwyd Ab,,
"Winton, Qlarence W",Clarence,Wigington,W,,
william How Delency,William,Delancey,Howe,,
"Sharlaki, alivea Shorour",Alireza,Shahbazi,Shapour,,
Las super Elegates,Los,Elegantes,Super,,
"Roners, Gorge Eerert",George,Rogers,Herbert,,
william F Woddonoton,William,Woodington,F,,
"assey, william nathanel",William,Massey,Nathaniel,,
william Crawdord williamson,William,Williamson,Crawford,,
"Aorkman, sharles H",Charles,Workman,H,,
sharles william boawerman,Charles,Bowerman,William,,
"Stoks, Heny Sepell",Henry,Stokes,Sewell,,
Harb Aasib Mader,Habib,Nader,Nasib,,
"Esmonde, Heny V",Henry,Esmond,V,,
Thomes Waltar Sennings,Thomas,Jennings,Walter,,
"Bunning, sharles avery",Charles,Dunning,Avery,,
Imrys Xp Ipan,Emrys,Iwan,Ap,,
"Sunders, william wilson",William,Saunders,Wilson,,
Erl G Sarbrough,Earl,Yarbrough,G,,
"iill, Parmit Tingh",Parmjit,Gill,Singh,,
C H Douls,C,Douglas,H,,
"wrlog, Elised Xp",Elisedd,Gwylog,Ap,,
william gifford palgrave,William,Palgrave,Gifford,,
"Olesey, Richerd Uames",Richard,Oglesby,James,,
Bran R wilson,Bryan,Wilson,R,,
"Soner, Eemund Cliton",Edmund,Stoner,Clifton,,
Elilagh Sennings Grapam,Elizabeth,Graham,Jennings,,
"Sims, Gorge Oto",George,Simms,Otto,,
moses A Hopins,Moses,Hopkins,A,,
"Pilly, Qerald J",Gerald,Pillay,J,,
Fredy Sheperd,Freddy,Shepherd,,,
"Blumental, Neston",Heston,Blumenthal,,,
Kith Ghine,Keith,Shine,,,
"iamont, Lohn",John,Lamont,,,
Lohn Zilkin,John,Silkin,,,
"Courtey, Richerd",Richard,Courtney,,,
allridge sleaver,Eldridge,Cleaver,,,
"ooldoshorth, Den",Dean,Holdsworth,,,
Auncan Mllaren,Duncan,Mclaren,,,
"Nebon, Cary",Gary,Newbon,,,
Briano Green,Brian,Greene,,,
"wellingam, ken",Ken,Willingham,,,
Alered Wald,Alfred,Waud,,,
"Daved, drashini",Dharshini,David,,,
Gorge Lult,George,Ault,,,
"Bavies, Brin",Bryn,Davies,,,
Richerd Juge,Richard,Jugge,,,
"Snden, Jeramy",Jeremy,Sinden,,,
Drederick Cavedich,Frederick,Cavendish,,,
"Cary, Archialaled",Archibald,Carey,,,
Nicolla Stardge,Nicola,Stanbridge,,,
"Bemont, Bave",Dave,Beaumont,,,
arnest Crishton,Ernest,Creighton,,,
"bamford, saria",Maria,Bamford,,,
Nichel harris,Michael,Harris,,,
"Beame, filip",Philip,Neame,,,
Ramond Lego,Raymond,Lygo,,,
"Baney, donal",Donal,Blaney,,,
Drewe lle_se,Drew,Bledsoe,,,
"Wingle, Buch",Butch,Dingle,,,
Daved bailey,David,Bailey,,,
"Toshend, Gliff",Cliff,Townshend,,,
Kiran Gibas,Kieran,Gibbs,,,
"Walfram, Itephen",Stephen,Wolfram,,,
sasha Perer,Sasha,Perera,,,
"Willizon, Pike",Mike,Williamson,,,
Lohn Amis,John,Amias,,,
"Garod, Archialaled",Archibald,Garrod,,,
Nichel Kung,Michael,King,,,
"Mishop, Daved",David,Bishop,,,
william Lloed,William,Lloyd,,,
"Drenan, Martio",Martin,Drennan,,,
Heny Atrauss,Henry,Strauss,,,
"Hollens, Elis",Ellis,Hollins,,,
Lohn Prinle,John,Pringle,,,
"Nurray, Mathe",Matthew,Murray,,,
Otit Hartly,Otis,Hartley,,,
"Bulbert, Yack",Jack,Hulbert,,,
Franis Treeling,Francis,Freeling,,,
"Ttone, Drederick",Frederick,Toone,,,
Shrisie Wellantion,Chrissie,Wellington,,,
"reid, Llex",Alex,Reid,,,
Den Wrill,Dean,Brill,,,
"Anberson, Daphone",Daphne,Anderson,,,
Rab Bavies,Rob,Davies,,,
"Caunt, william",William,Gaunt,,,
Eulie uuckfield,Julie,Buckfield,,,
"Jandel, Nichel",Michael,Sandel,,,
sean Aasleslive,Sean,Haslegrave,,,
"Brakine, Lohn",John,Braine,,,
Gorge Aarshall,George,Parshall,,,
"Minn, Nobert",Robert,Pinn,,,
william Kung,William,King,,,
"aake, rreg",Greg,Lake,,,
Lane Birin,Jane,Birkin,,,
"Cur, Eward",Edward,Curr,,,
Cliford Happer,Clifford,Harper,,,
"Aitchall, Nom",Tom,Mitchell,,,
Faloner Maden,Falconer,Madan,,,
"Ceate, Patreck",Patrick,Neate,,,
Barie pates,Barrie,Bates,,,
"Bon, Keter",Peter,Bone,,,
Alered Butrler,Alfred,Butler,,,
"Tanauray, Pall",Paul,Tanqueray,,,
filip Qurner,Philip,Turner,,,
"robison, Rechel",Rachel,Robinson,,,
Fillian night,Gillian,Knight,,,
"Vrench, Kicki",Nicki,French,,,
william Woulke,William,Foulke,,,
"Midedly, Glays",Gladys,Midgley,,,
Den Dowing,Dean,Downing,,,
"Speeding, Charie",Charlie,Spedding,,,
Nobert Wrcester,Robert,Worcester,,,
"Martio, Lealise",Leslie,Martin,,,
Briano Porton,Brian,Horton,,,
"Yill, Vliver",Oliver,Hill,,,
Kith Hampon,Keith,Hampson,,,
"owell, Dareen",Darren,Powell,,,
Lloed Doly,Lloyd,Doyley,,,
"Bragas, Gorge",George,Dragas,,,
Wowie Camit,Howie,Camnitz,,,
"Wickards, Lohn",John,Rickards,,,
Selwen emage,Selwyn,Image,,,
"Osorne, Sarth",Sarah,Osborne,,,
Heny Fompton,Henry,Compton,,,
"Reemond, moira",Moira,Redmond,,,
sharles manners,Charles,Manners,,,
"Aunt, Kenineth",Kenneth,Hunt,,,
Lnna Ceger,Lena,Jeger,,,
"Cush, Ban",Ian,Rush,,,
Richerd Gramdale,Richard,Grimsdale,,,
"Wodges, Jony",Johnny,Hodges,,,
andrew wilson,Andrew,Wilson,,,
"Goboo, Uames",James,Gobbo,,,
Wichlas Nutthall,Nicholas,Nuttall,,,
"Batiman, sean",Sean,Bateman,,,
endy ick,Andy,Pick,,,
"oolston, Thomes",Thomas,Woolston,,,
Narry Quin,Barry,Quinn,,,
"Lofich, lene",Lene,Lovich,,,
Narry Trappall,Barry,Trapnell,,,
"Widdle, Sts",Stu,Riddle,,,
Posamind Cliford,Rosamund,Clifford,,,
"Lontagu, Heny",Henry,Montagu,,,
Judy Doar_oooki,Jody,Dobrowski,,,
"Trelce, Ouen",Owen,Truelove,,,
Gacob sanders,Jacob,Sanders,,,
"Abrappams, asther",Esther,Abrahams,,,
Patreck harvie,Patrick,Harvie,,,
"Paker, Jant",Janet,Baker,,,
Nobert Fernon,Robert,Vernon,,,
"Aurrie, tony",Tony,Currie,,,
Lohn Whietorn,John,Whitbourn,,,
"Lyall, Wichlas",Nicholas,Lyell,,,
tony Iolt,Tony,Rolt,,,
"Vrerton, william",William,Brereton,,,
Nobert Push,Robert,Pugh,,,
"oort, Blly",Billy,Moore,,,
Comrad Lates,Conrad,Gates,,,
"Neits, Daved",David,Neitz,,,
Keter Iallander,Peter,Callander,,,
"Handos, Richerd",Richard,Hancox,,,
Hengage inch,Heneage,Finch,,,
"Miler, Crevor",Trevor,Miller,,,
Jefery Cate,Jeffrey,Tate,,,
"Franis, Sts",Stu,Francis,,,
Lealise plumer,Leslie,Plummer,,,
"Thomes, nandy",Sandy,Thomas,,,
Wlbert Yall,Albert,Hall,,,
"cale, Lohn",John,Cale,,,
Qillert Londen,Gilbert,Longden,,,
"Abrappams, Sideney",Sidney,Abrahams,,,
tleander Windser,Alexander,Windsor,,,
"Haes, Vrank",Frank,Hayes,,,
sharles Milot,Charles,Wilmot,,,
"ulham, Codersy",Godfrey,Ludham,,,
Bub Shanly,Bob,Shankly,,,
"Siver, Millient",Millicent,Silver,,,
Gosep Weitt,Joseph,Hewitt,,,
"Lanaster, Sturt",Stuart,Lancaster,,,
Kigel Rotbuck,Nigel,Roebuck,,,
"Wimmons, Rechel",Rachel,Simmons,,,
Alered Taker,Alfred,Tasker,,,
"Imila, ntoni",Antoni,Imiela,,,
Nichel Horogit,Michael,Horovitz,,,
"Morit, Nies",Nils,Mordt,,,
Nobert Ball,Robert,Bell,,,
"Jughes, Aetteny",Bettany,Hughes,,,
Nom Syses,Tom,Sykes,,,
"Rder, Jant",Janet,Ryder,,,
tony Ki Bart,Tony,Di,,,Bart
Gorge Beat Jnr.,George,Beet,,,Jnr.
william Rathone III,William,Rathbone,,,III
Heny Iise Jr.,Henry,Wise,,,Jr.
Thomes Assmeton Sith I,Thomas,Smith,Assheton,,I
A Uackson Jr.,A,Jackson,,,Jr.
Benny ooper Sr.,Kenny,Cooper,,,Sr.
andrew Hegine Jr.,Andrew,Hugine,,,Jr.
Emer P Martio Jr.,Elmer,Martin,P,,Jr.
den Inoc Do,Yen,Ngoc,,,Do
Thomes yresham I,Thomas,Tresham,,,I
Thomes We-dwood IV,Thomas,Wedgwood,,,IV
Thomes Assmeton Sith I,Thomas,Smith,Assheton,,I
Gorge Beat Snr.,George,Beet,,,Snr.
Aurey Dedere III,Aubrey,De Vere,,,III
Lohn Thaw Jr,John,Shaw,,,Jr
Gorge Thenton Sr,George,Shenton,,,Sr
Lohn Wesly dork III,John,Work,Wesley,,III
Uosiph We-dwood III,Josiah,Wedgwood,,,III
Gosep Burk II,Joseph,Burke,,,II
