name,first,last,middle,title,suffix
Gorge Rostrevor Hamilton,George,Hamilton,Rostrevor,,
"Thompson, caroline H",Caroline,Thompson,H,,
E M Grace,E,Grace,M,,
"Letigrige, Thomas Charles",Thomas,Lethbridge,Charles,,
Joseph Logthion Hudson,Joseph,Hudson,Lowthian,,
"Barnes, Henary Edwin",Henry,Barnes,Edwin,,
Michael L Hilliams,Michael,Williams,L,,
"Westwood, Oohn Obadiah",John,Westwood,Obadiah,,
Edard William Vernon Harcourt,Edward,Harcourt,William Vernon,,
"Ashton, Thomes Gair",Thomas,Ashton,Gair,,
Harry Sarshall Ward,Harry,Ward,Marshall,,
"Eving, Juliana Horatia",Juliana,Ewing,Horatia,,
John Cunningham Sunders,John,Saunders,Cunningham,,
"Cook, Pall Anthony",Paul,Cook,Anthony,,
Edward Henary Trotter,Edward,Trotter,Henry,,
"Bush, tteppen J",Stephen,Bush,J,,
Henry William Bunbery,Henry,Bunbury,William,,
"Acton, Charles Jantarius",Charles,Acton,Januarius,,
Frederic Arthur Keley,Frederic,Kelley,Arthur,,
"montagu, Edwin Samuel",Edwin,Montagu,Samuel,,
Michael E Begram,Michael,Pegram,E,,
"Waterwouse, John William",John,Waterhouse,William,,
G D'Arcy loulton,G,Boulton,D'Arcy,,
"Fox-Davies, Artur Charles",Arthur,Fox-Davies,Charles,,
John Henary Jones,John,Jones,Henry,,
"Webb, Gorge James",George,Webb,James,,
Louis L Reding,Louis,Redding,L,,
"Davies, Ough Sykes",Hugh,Davies,Sykes,,
John Wallase Linton,John,Linton,Wallace,,
"Walter, Olan Fitz",Alan,Walter,Fitz,,
James B Frances,James,Francis,B,,
"Hudson, Nobert William",Robert,Hudson,William,,
Kenneth Famitan Jenkin,Kenneth,Jenkin,Hamilton,,
"Conway, Oohn S",John,Conway,S,,
John Basson Humr_ray,John,Humffray,Basson,,
"Croker, Oohn Wilson",John,Croker,Wilson,,
Nugen Xuan Ngai,Nguyen,Ngai,Xuan,,
"Centre, Carrubbers Qhristian",Carrubbers,Centre,Christian,,
nnes Harold Stranger,Innes,Stranger,Harold,,
"Gosset, William Cealy",William,Gosset,Sealy,,
Charlotte Mary Yonage,Charlotte,Yonge,Mary,,
"strong, Samuel Henry",Samuel,Strong,Henry,,
Fine Young aannibals,Fine,Cannibals,Young,,
"iills, Richard L",Richard,Hills,L,,
David Alfred Thomes,David,Thomas,Alfred,,
"Englander, A A",A,Englander,A,,
Kha Kha Cohen,Cha,Cohen,Cha,,
"Greenhill, Alfred Gorge",Alfred,Greenhill,George,,
Ben T Russsll,Ben,Russell,T,,
"fandey, Wal L",Wal,Handley,L,,
Shillh Graham Westbrook,Sheilah,Westbrook,Graham,,
"Santmyer, Helen Hooen",Helen,Santmyer,Hooven,,
John E Uwens,John,Owens,E,,
"Tenant, Edward Wyndham",Edward,Tennant,Wyndham,,
B V Bowden,B,Bowden,V,,
"Seymour, Edard Hobart",Edward,Seymour,Hobart,,
Arthur hearly Cripps,Arthur,Cripps,Shearly,,
"Bronson, Uames H",James,Bronson,H,,
Little Jank Little,Little,Little,Jack,,
"Iuef, Hywel Ap",Hywel,Ieuaf,Ap,,
arnest Henry Shears,Ernest,Shears,Henry,,
"Tuke, James Huck",James,Tuke,Hack,,
Gorge Edward Cates,George,Cates,Edward,,
"Kation, Carrie A",Carrie,Nation,A,,
Roy Ward Backer,Roy,Baker,Ward,,
"Talor, John Mark",John,Taylor,Mark,,
James Henary Monk,James,Monk,Henry,,
"Brewer, Eleneer Cobham",Ebenezer,Brewer,Cobham,,
J Bruce Issay,J,Ismay,Bruce,,
"Flord, Brian J",Brian,Ford,J,,
Charles Hesteman Merz,Charles,Merz,Hesterman,,
"Riots,  Vewark",,Riots,Newark,,
Anthony Blarke Booth,Anthony,Booth,Clarke,,
"Studios, Wittle Tardis",Little,Studios,Tardis,,
John Cooper Foruter,John,Forster,Cooper,,
"Williams, Thomes H",Thomas,Williams,H,,
James Clark Dorlyolds,James,Mcreynolds,Clark,,
"Annan, Daniel Frances",Daniel,Annan,Francis,,
George H bryan,George,Bryan,H,,
"Fuller, meta Vaux Warrick",Meta,Fuller,Vaux Warrick,,
Robin Llwyd Ab Ownin,Robin,Owain,Llwyd Ab,,
"Wigington, tlarence W",Clarence,Wigington,W,,
William How Delancey,William,Delancey,Howe,,
"Shahbazi, Alireza Shator",Alireza,Shahbazi,Shapour,,
Los super Elegantes,Los,Elegantes,Super,,
"Rogers, Gorge Herbert",George,Rogers,Herbert,,
William F Wondonton,William,Woodington,F,,
"Massey, iillim Nathaniel",William,Massey,Nathaniel,,
William Crawford iilliamion,William,Williamson,Crawford,,
"Workman, Charbles H",Charles,Workman,H,,
Charles William Bowwoman,Charles,Bowerman,William,,
"Stokes, Henry Sepell",Henry,Stokes,Sewell,,
Harb Nasib Nader,Habib,Nader,Nasib,,
"Esmond, Henary V",Henry,Esmond,V,,
Thomes Walter Jennings,Thomas,Jennings,Walter,,
"Duning, Charles Avery",Charles,Dunning,Avery,,
Emrys Ap Ihan,Emrys,Iwan,Ap,,
"Saunders, William Iilsin",William,Saunders,Wilson,,
Earl G Darbrough,Earl,Yarbrough,G,,
"Jill, Parmjit Singh",Parmjit,Gill,Singh,,
C H Douglas,C,Douglas,H,,
"Gwylog, Elised Ap",Elisedd,Gwylog,Ap,,
William Giford Palgrave,William,Palgrave,Gifford,,
"Oglesby, Richard Uames",Richard,Oglesby,James,,
bryan R Wilson,Bryan,Wilson,R,,
"Stoner, Eamund Clifton",Edmund,Stoner,Clifton,,
Elizabeth Jennings Grapam,Elizabeth,Graham,Jennings,,
"Sims, George Otto",George,Simms,Otto,,
Moses A Hopins,Moses,Hopkins,A,,
"Pillay, Ferald J",Gerald,Pillay,J,,
Freddy Sheperd,Freddy,Shepherd,,,
"Blumental, Heston",Heston,Blumenthal,,,
Leith Shine,Keith,Shine,,,
"iamont, John",John,Lamont,,,
Oohn Silkin,John,Silkin,,,
"Courney, Richard",Richard,Courtney,,,
Eldridge Kleaver,Eldridge,Cleaver,,,
"oold-shorth, Dean",Dean,Holdsworth,,,
Nuncan Mclaren,Duncan,Mclaren,,,
"Nebon, Gary",Gary,Newbon,,,
rrian Greene,Brian,Greene,,,
"Vilinggam, Ken",Ken,Willingham,,,
Alered Waud,Alfred,Waud,,,
"Daved, Dharshini",Dharshini,David,,,
Gorge Ault,George,Ault,,,
"Davies, Bron",Bryn,Davies,,,
Richard Juge,Richard,Jugge,,,
"Siden, Jeremy",Jeremy,Sinden,,,
drederick Cavendish,Frederick,Cavendish,,,
"Carey, Archald",Archibald,Carey,,,
Nichla Stanbridge,Nicola,Stanbridge,,,
"beumont, Dave",Dave,Beaumont,,,
Ernest Creiston,Ernest,Creighton,,,
"Bamford, Mareia",Maria,Bamford,,,
Michael harris,Michael,Harris,,,
"Neame, Pilip",Philip,Neame,,,
Ramond Lygo,Raymond,Lygo,,,
"Baney, Donal",Donal,Blaney,,,
Drew Bledse,Drew,Bledsoe,,,
"Dingle, Buch",Butch,Dingle,,,
David bailey,David,Bailey,,,
"Howshend, Cliff",Cliff,Townshend,,,
Kiran Gibbs,Kieran,Gibbs,,,
"Walfram, Stephen",Stephen,Wolfram,,,
Sasha Perer,Sasha,Perera,,,
"Williamson, Mmke",Mike,Williamson,,,
John Mmias,John,Amias,,,
"Garrod, Archald",Archibald,Garrod,,,
Michael Kung,Michael,King,,,
"Lishop, David",David,Bishop,,,
iillim Lloyd,William,Lloyd,,,
"Drendan, Martin",Martin,Drennan,,,
Henry Strass,Henry,Strauss,,,
"Hollins, Elis",Ellis,Hollins,,,
Oohn Pringle,John,Pringle,,,
"Murray, Mathe",Matthew,Murray,,,
Otic Hartley,Otis,Hartley,,,
"Hulbert, Jank",Jack,Hulbert,,,
Francis Treeling,Francis,Freeling,,,
"Toone, drederick",Frederick,Toone,,,
Chrissie Wellinton,Chrissie,Wellington,,,
"Reid, Llex",Alex,Reid,,,
Dan Brill,Dean,Brill,,,
"Anderson, Daphone",Daphne,Anderson,,,
Rab Davies,Rob,Davies,,,
"Gaunt, iillim",William,Gaunt,,,
Julie Butkfield,Julie,Buckfield,,,
"Sandel, Nichal",Michael,Sandel,,,
Sean Hanslferave,Sean,Haslegrave,,,
"Braine, Oohn",John,Braine,,,
Gorge Parshall,George,Parshall,,,
"Pinn, Nobert",Robert,Pinn,,,
iillim King,William,King,,,
"Lake, rreg",Greg,Lake,,,
Jane Birin,Jane,Birkin,,,
"Cur, Edward",Edward,Curr,,,
Cliford Harper,Clifford,Harper,,,
"Mitshall, Tom",Tom,Mitchell,,,
Faloner Madan,Falconer,Madan,,,
"Neat, Patrick",Patrick,Neate,,,
Barrie Lates,Barrie,Bates,,,
"Bon, Peter",Peter,Bone,,,
Alered Butler,Alfred,Butler,,,
"Tanqueray, Pall",Paul,Tanqueray,,,
Pilip Turner,Philip,Turner,,,
"robison, Rachel",Rachel,Robinson,,,
Gililian Knight,Gillian,Knight,,,
"French, Micki",Nicki,French,,,
iillim Foulke,William,Foulke,,,
"Midaly, Gladys",Gladys,Midgley,,,
Dean Bowning,Dean,Downing,,,
"Speading, Charlie",Charlie,Spedding,,,
Robert Worsester,Robert,Worcester,,,
"Martio, Leslie",Leslie,Martin,,,
Brian Forton,Brian,Horton,,,
"Yill, Oliver",Oliver,Hill,,,
Leith Hampson,Keith,Hampson,,,
"Powell, Daren",Darren,Powell,,,
Lloyd Dodey,Lloyd,Doyley,,,
"Aragas, George",George,Dragas,,,
Howie Camit,Howie,Camnitz,,,
"Rickards, Oohn",John,Rickards,,,
Selwyn Imge,Selwyn,Image,,,
"Osborne, Sarth",Sarah,Osborne,,,
Henry Yompton,Henry,Compton,,,
"Redmond, Mora",Moira,Redmond,,,
Charbles Manners,Charles,Manners,,,
"Hunt, Keneth",Kenneth,Hunt,,,
Lena Deger,Lena,Jeger,,,
"Ruch, Ian",Ian,Rush,,,
Richard Gromidale,Richard,Grimsdale,,,
"Hodges, Jonny",Johnny,Hodges,,,
Andrew Iilsin,Andrew,Wilson,,,
"Qobbo, James",James,Gobbo,,,
Sichlas Nuttall,Nicholas,Nuttall,,,
"Bateman, sean",Sean,Bateman,,,
Andy ick,Andy,Pick,,,
"Poolston, Thomas",Thomas,Woolston,,,
Narry Quinn,Barry,Quinn,,,
"Lovich, lene",Lene,Lovich,,,
Barry Tpapell,Barry,Trapnell,,,
"Riddle, Sta",Stu,Riddle,,,
Rosmund Clifford,Rosamund,Clifford,,,
"Montagu, Henary",Henry,Montagu,,,
Jody Doorowocki,Jody,Dobrowski,,,
"Trulvev, Owen",Owen,Truelove,,,
Jacob Janders,Jacob,Sanders,,,
"Abrapams, Esther",Esther,Abrahams,,,
Patrick Jarvie,Patrick,Harvie,,,
"Baker, Jant",Janet,Baker,,,
Robert ernon,Robert,Vernon,,,
"Currie, tony",Tony,Currie,,,
Oohn Whitbourn,John,Whitbourn,,,
"Lyell, Sichlas",Nicholas,Lyell,,,
Tony Rwolt,Tony,Rolt,,,
"Brereton, iillim",William,Brereton,,,
Nobert Pugh,Robert,Pugh,,,
"Mopr, Billy",Billy,Moore,,,
Condard Gates,Conrad,Gates,,,
"Neitz, Daved",David,Neitz,,,
Keter Callander,Peter,Callander,,,
"Hancox, Richerd",Richard,Hancox,,,
Hendnage Finch,Heneage,Finch,,,
"Miller, Trever",Trevor,Miller,,,
jerfrey Tate,Jeffrey,Tate,,,
"Francis, Sta",Stu,Francis,,,
Lesle Plummer,Leslie,Plummer,,,
"Thomes, Sandy",Sandy,Thomas,,,
Albert Yall,Albert,Hall,,,
"Calge, John",John,Cale,,,
Gilvert Longden,Gilbert,Longden,,,
"Abrahams, sidney",Sidney,Abrahams,,,
Alexander indsor,Alexander,Windsor,,,
"Hayes, Vrank",Frank,Hayes,,,
Charbles Wilmot,Charles,Wilmot,,,
"Lurham, Godfrey",Godfrey,Ludham,,,
Bob Shangly,Bob,Shankly,,,
"Siver, Millicent",Millicent,Silver,,,
Bosph Hewitt,Joseph,Hewitt,,,
"Lancaster, Sturt",Stuart,Lancaster,,,
Nigell Roebuck,Nigel,Roebuck,,,
"Simons, Rachel",Rachel,Simmons,,,
Alfred Taser,Alfred,Tasker,,,
"Imila, Antoni",Antoni,Imiela,,,
Nichal Horovitz,Michael,Horovitz,,,
"Mornt, Nils",Nils,Mordt,,,
Robert Ball,Robert,Bell,,,
"Oughes, Bettany",Bettany,Hughes,,,
Nom Sykes,Tom,Sykes,,,
"Rider, Janet",Janet,Ryder,,,
tony Di Bart,Tony,Di,,,Bart
Gorge Beet Jnr.,George,Beet,,,Jnr.
iillim Rathbone III,William,Rathbone,,,III
Henry wise Jr.,Henry,Wise,,,Jr.
Thomas Assheton Imith I,Thomas,Smith,Assheton,,I
A Jackson Jr.,A,Jackson,,,Jr.
Keny Cooper Sr.,Kenny,Cooper,,,Sr.
Anddew Hugine Jr.,Andrew,Hugine,,,Jr.
Elmer P Martio Jr.,Elmer,Martin,P,,Jr.
den Ngoc Do,Yen,Ngoc,,,Do
Thomas Trusham I,Thomas,Tresham,,,I
Thomas wedywood IV,Thomas,Wedgwood,,,IV
Thomas asseton Smith I,Thomas,Smith,Assheton,,I
George Beat Snr.,George,Beet,,,Snr.
Aubrey Dedere III,Aubrey,De Vere,,,III
John Zhaw Jr,John,Shaw,,,Jr
Gorge Shenton Sr,George,Shenton,,,Sr
John Weskey Work III,John,Work,Wesley,,III
Josiah wedywood III,Josiah,Wedgwood,,,III
Joseph Burce II,Joseph,Burke,,,II
