name,first,middle,last
"Vasquez-Parada, Alberto",Alberto,,Vasquez-Parada
Maja Grozdani,Maja,,Grozdani
"Coble, Kathryn A.",Kathryn,A,Coble
"Schenkelberg, Doug",Doug,,Schenkelberg
Juliette Lewis,Juliette,,Lewis
"Maher, Cynthia E.",Cynthia,E,Maher
Thomas William Barnes,Thomas,William,Barnes
"Stanco, Lauren",Lauren,,Stanco
Hitomi Matsushita,Hitomi,,Matsushita
"Hein, Meredith",Meredith,,Hein
Kim Byong-Gun,Kim,,Byong-Gun
Piotr Pawe Bojaczyk,Piotr,Pawe,Bojaczyk
Birgit Ente,Birgit,,Ente
Franz Bednar,Franz,,Bednar
"Yeates, Tobey",Tobey,,Yeates
"Lambrecht, Yves",Yves,,Lambrecht
"White, Joelle",Joelle,,White
Johari Ramli,Johari,,Ramli
"Li, Wen",Wen,,Li
Anita Klapote,Anita,,Klapote
Kate Capshaw,Kate,,Capshaw
"Choi, Bok Tae",Bok,Tae,Choi
"Holdsworth, Kenny R.",Kenny,R,Holdsworth
Maikel Benner,Maikel,,Benner
Bidzina Mikiashvili,Bidzina,,Mikiashvili
Klaus Nielsen,Klaus,,Nielsen
Hubert Bindels,Hubert,,Bindels
"Loop, Thomas",Thomas,,Loop
Li Weiliang,Li,,Weiliang
Roberto Porzia,Roberto,,Porzia
Choi Sun-Ho,Choi,,Sun-Ho
"Yakushina, Kateryna",Kateryna,,Yakushina
"Holmboe, Dag",Dag,,Holmboe
Martin Paul Johns,Martin,Paul,Johns
Pablo Javier Peralta,Pablo,Javier,Peralta
"Drown, Lindsay",Lindsay,,Drown
Aida Mohammadkhani,Aida,,Mohammadkhani
Phannapa Harnsujin,Phannapa,,Harnsujin
Elana Susan Hill,Elana,Susan,Hill
"Jonardi, Richard",Richard,,Jonardi
Lars Erik Lund,Lars,Erik,Lund
"Delaney, Billy",Billy,,Delaney
Thomas Dickson,Thomas,,Dickson
Phillip Richardson,Phillip,,Richardson
Meamea Thomas,Meamea,,Thomas
Arif Alaftargil,Arif,,Alaftargil
"Spaulding, Abigail",Abigail,,Spaulding
Antonio Andreu Asensi,Antonio,Andreu,Asensi
Silviya Germanova,Silviya,,Germanova
"Leonard, Tommy J.",Tommy,J,Leonard
Jack Amiel,Jack,,Amiel
"Mccauley, Sean",Sean,,Mccauley
Ian Martin Hamer,Ian,Martin,Hamer
Stephen King,Stephen,,King
"Blitz, Adam",Adam,,Blitz
"Vieira, Silvana V.",Silvana,V,Vieira
"Watanabe, Yuko",Yuko,,Watanabe
Conrad Paul Soares,Conrad,Paul,Soares
"Melton, Ron",Ron,,Melton
Robert Voigt,Robert,,Voigt
Hendricus Franciscus Wessel,Hendricus,Franciscus,Wessel
"Jo, Yoshiko",Yoshiko,,Jo
Dmitrii Menshov,Dmitrii,,Menshov
Mansurbek Chashemov,Mansurbek,,Chashemov
An Seul-Ki,An,,Seul-Ki
Jeremy Leven,Jeremy,,Leven
Walden Dang,Walden,,Dang
"Ptacek, Lubor",Lubor,,Ptacek
Melinda Rose Henshaw,Melinda,Rose,Henshaw
Sachi Mochida,Sachi,,Mochida
Jeremiah J. Callahan,Jeremiah,J,Callahan
Joonas Olkkonen,Joonas,,Olkkonen
Hugh Walton,Hugh,,Walton
Reinhold Strassmann,Reinhold,,Strassmann
Dominic L. Gorie,Dominic,L,Gorie
Libor Dvok,Libor,,Dvok
"Sayed, Robin L.",Robin,L,Sayed
Michel Demazure,Michel,,Demazure
Gregory Joseph Rokosh,Gregory,Joseph,Rokosh
Pietro Mengoli,Pietro,,Mengoli
Morad Zemouri,Morad,,Zemouri
Helen Brewster Owens,Helen,Brewster,Owens
"Heneghan, Jenna",Jenna,,Heneghan
"Frommer, Marc",Marc,,Frommer
David Wiliam Clements,David,Wiliam,Clements
"Gordon, Brett A.",Brett,A,Gordon
"Brahmi, Tarik",Tarik,,Brahmi
Vedrana Vuievi,Vedrana,,Vuievi
Mohamed Ben Slimane,Mohamed,Ben,Slimane
"Robinson, Knox",Knox,,Robinson
"Kim, Yunsang",Yunsang,,Kim
Nicolai V. Krylov,Nicolai,V,Krylov
"Schultheis, Christian",Christian,,Schultheis
"Barrett, Heather D.",Heather,D,Barrett
Harvey Keitel,Harvey,,Keitel
"Manson, Sonya",Sonya,,Manson
Caroline Stillwell Burckle,Caroline,Stillwell,Burckle
Albert Muchnik,Albert,,Muchnik
Willy Gysi,Willy,,Gysi
"Llewellyn, Susan J.",Susan,J,Llewellyn
Aynur Kerey,Aynur,,Kerey
"Spillner, Sabine",Sabine,,Spillner
William Richard Davies,William,Richard,Davies
"Wills, Jeff",Jeff,,Wills
Marco Mariani,Marco,,Mariani
"Menovich, Michael J.",Michael,J,Menovich
Denzel Washington,Denzel,,Washington
"Stein, Russell N.",Russell,N,Stein
Oleg Motsalin,Oleg,,Motsalin
Karsten Stolz,Karsten,,Stolz
"Zeldin, Jessica",Jessica,,Zeldin
Nicole Kidman,Nicole,,Kidman
Dmitry Vladimirovich Khamkin,Dmitry,Vladimirovich,Khamkin
Patrick Melton,Patrick,,Melton
Thomas D. Jones,Thomas,D,Jones
"Hunter, Jon S.",Jon,S,Hunter
Dominique Perroud,Dominique,,Perroud
"Jeffery, Mariah",Mariah,,Jeffery
"Carlen, Katarina",Katarina,,Carlen
Matt Damon,Matt,,Damon
Eric Bana,Eric,,Bana
Jan Polanc,Jan,,Polanc
Sally Ann McDonald,Sally,Ann,McDonald
"Edmunds, Danielle",Danielle,,Edmunds
"Huang, Yan",Yan,,Huang
"Siegel, Stephen",Stephen,,Siegel
"Mesh, Susanne",Susanne,,Mesh
Per-Anders Sf,Per-Anders,,Sf
James Marshall,James,,Marshall
Jerzy Krawczyk,Jerzy,,Krawczyk
Stanisaw Chiliski,Stanisaw,,Chiliski
Mikls Darvas,Mikls,,Darvas
Ivar Magnus Ryberg,Ivar,Magnus,Ryberg
Franco De Pedrina,Franco,De,Pedrina
Andrey Vladimirovich Belofastov,Andrey,Vladimirovich,Belofastov
"Hair, Kathleen",Kathleen,,Hair
"Stuart, Gregor",Gregor,,Stuart
"Pedersen, Nils E.",Nils,E,Pedersen
Ali Yahia,Ali,,Yahia
"Murtagh, Cara E.",Cara,E,Murtagh
"Lee, Jong Geun",Jong,Geun,Lee
David Garrett,David,,Garrett
Cormac Wibberley,Cormac,,Wibberley
Erika Stewart Layne,Erika,Stewart,Layne
"Tupper, Dennis A.",Dennis,A,Tupper
"Cook, Summer B.",Summer,B,Cook
Aleksandr Vladimirovich Degtyaryov,Aleksandr,Vladimirovich,Degtyaryov
Urs Aeberhard,Urs,,Aeberhard
Tucker West,Tucker,,West
Martn B. Ferrari,Martn,B,Ferrari
Koichi Oita,Koichi,,Oita
Mrta Pacsai-Megyeri,Mrta,,Pacsai-Megyeri
"Grady, Kyle",Kyle,,Grady
Pietro Paolo Caravaggio,Pietro,Paolo,Caravaggio
"Ray, Laura M.",Laura,M,Ray
"Deck, Heidi A.",Heidi,A,Deck
Frithjof Andersen,Frithjof,,Andersen
"Kornitz, Roni",Roni,,Kornitz
Jason A. Micallef,Jason,A,Micallef
Pierre Deligne,Pierre,,Deligne
Shoshana Kamin,Shoshana,,Kamin
Theresa Russell,Theresa,,Russell
Sahl ibn Bishr,Sahl,ibn,Bishr
"Distefano, Margaret",Margaret,,Distefano
"Kohuth, Steven",Steven,,Kohuth
Piera Borsani,Piera,,Borsani
"Bond, Robert J.",Robert,J,Bond
Adam Sandler,Adam,,Sandler
Axel Peter Pilmark,Axel,Peter,Pilmark
"Bourgault, Amybeth",Amybeth,,Bourgault
Hans Ewald Hansen,Hans,Ewald,Hansen
Robin Croker,Robin,,Croker
"Pease, Kim",Kim,,Pease
Admir Mehmedi,Admir,,Mehmedi
"Steeves, Kelley E.",Kelley,E,Steeves
"Rinderer, Rudy",Rudy,,Rinderer
Jane M. Hawkins,Jane,M,Hawkins
Alessia Gennari,Alessia,,Gennari
Ingegerd Marie Hammarstrm,Ingegerd,Marie,Hammarstrm
"Rehn, Jennifer",Jennifer,,Rehn
James S. Voss,James,S,Voss
Baban Dharamji Daware,Baban,Dharamji,Daware
Daniela Anguita Loux,Daniela,Anguita,Loux
"Teichman, Joel",Joel,,Teichman
Wiebe Johan Wolters,Wiebe,Johan,Wolters
"McNeilly, Dannielle",Dannielle,,McNeilly
"Egan, Alexander",Alexander,,Egan
"Williams, Al",Al,,Williams
Jose Quintanilla,Jose,,Quintanilla
Chidi Nwanu,Chidi,,Nwanu
Ralf Haber,Ralf,,Haber
Peter Aeschlimann,Peter,,Aeschlimann
"Greening, Gregory S.",Gregory,S,Greening
Birendra Nath Basak,Birendra,Nath,Basak
"McRae, Jane",Jane,,McRae
"Jablonski, Karen",Karen,,Jablonski
"Jones, Helen",Helen,,Jones
Kurt Rey,Kurt,,Rey
Dwayne Johnson,Dwayne,,Johnson
"Akins, Bethany",Bethany,,Akins
Erik Fritjof Johansson,Erik,Fritjof,Johansson
Henrik Selberg,Henrik,,Selberg
"Goodwin, Lindsay K.",Lindsay,K,Goodwin
"Tomlinson, Betsy",Betsy,,Tomlinson
Kouroush Bagheri,Kouroush,,Bagheri
"Mittelberg, Tara",Tara,,Mittelberg
Florine de Leymarie,Florine,de,Leymarie
"Creggy, John",John,,Creggy
"Bravo, Salvador",Salvador,,Bravo
Flavio Furtado,Flavio,,Furtado
Henry Inman,Henry,,Inman
Jean-Pierre Chambellan,Jean-Pierre,,Chambellan
"Mattox, Amy",Amy,,Mattox
Aristidis Grigorakis,Aristidis,,Grigorakis
"Lazarakis, Spiro",Spiro,,Lazarakis
"Olson, Jimmy",Jimmy,,Olson
Viktor Grigoryevich Bulat,Viktor,Grigoryevich,Bulat
Franois Schlechter,Franois,,Schlechter
Jane Haist,Jane,,Haist
"Swistak, Julian P.",Julian,P,Swistak
"Wright, David",David,,Wright
"Maggs, Charles",Charles,,Maggs
Dariusz Radosz,Dariusz,,Radosz
Brian Babilonia,Brian,,Babilonia
"Mizelle, Sara",Sara,,Mizelle
Peter Colfs,Peter,,Colfs
"Wright, Jamie M.",Jamie,M,Wright
"Jones, Jessica P.",Jessica,P,Jones
"Hennessy, William J.",William,J,Hennessy
"Kramer, Ryan M.",Ryan,M,Kramer
"Loman, Blaire H.",Blaire,H,Loman
Regan Ware,Regan,,Ware
Wei Jianhua,Wei,,Jianhua
Floyd Mutrux,Floyd,,Mutrux
Wayne David Morgan,Wayne,David,Morgan
Kazimierz Jzef Kaszuba,Kazimierz,Jzef,Kaszuba
Alexandros Kouris,Alexandros,,Kouris
"Mutschler, Kelli",Kelli,,Mutschler
"Hothem, Seth D.",Seth,D,Hothem
Ruth Gentry,Ruth,,Gentry
"DeNuzzio, Amy E.",Amy,E,DeNuzzio
"Kettle, Robert",Robert,,Kettle
"Gillespie, Heather",Heather,,Gillespie
Stefanos-Petros Santa,Stefanos-Petros,,Santa
"Gallagher, Michael",Michael,,Gallagher
"Smoker, Rhoda",Rhoda,,Smoker
Ronald Fisher,Ronald,,Fisher
Joseph Jules Beecken,Joseph,Jules,Beecken
"O'Leary, Jaclyn",Jaclyn,,O'Leary
Keith Eugene Woodall,Keith,Eugene,Woodall
"Westrick, Jack",Jack,,Westrick
Sarah Troel,Sarah,,Troel
Nicolas Assat,Nicolas,,Assat
Robert Stephen Baird,Robert,Stephen,Baird
"Buccino, Joseph",Joseph,,Buccino
Karl Pichler,Karl,,Pichler
Louis Frommelt,Louis,,Frommelt
"Wright, Andrea",Andrea,,Wright
Angel Romn Martnez,Angel,Romn,Martnez
Sofia Lodi,Sofia,,Lodi
Guy Ritchie,Guy,,Ritchie
"Cimino, Michele",Michele,,Cimino
Aleksey Fatyanov,Aleksey,,Fatyanov
Jason Paul Duff,Jason,Paul,Duff
Georgios Merkouris,Georgios,,Merkouris
Max Apple,Max,,Apple
David Roy Overton,David,Roy,Overton
Mohamed Azzaoui,Mohamed,,Azzaoui
"Kucza, Jacob",Jacob,,Kucza
"McKenna, Matthew D.",Matthew,D,McKenna
Aleix Franch Alfos,Aleix,Franch,Alfos
Lim Yal-Aon,Lim,,Yal-Aon
Athol MacDonald,Athol,,MacDonald
Paul Thomas Anderson,Paul,Thomas,Anderson
"Petterson, Susan",Susan,,Petterson
"Townsend, George D.",George,D,Townsend
"O'Meara, Madeleine",Madeleine,,O'Meara
"Dymott, Jean",Jean,,Dymott
Mamadou Sow,Mamadou,,Sow
Imre Csk,Imre,,Csk
Yukiyo Kojima,Yukiyo,,Kojima
Peter Ali,Peter,,Ali
"Mesquita, Melissa P.",Melissa,P,Mesquita
Eugne Plisson,Eugne,,Plisson
Wathiq Aswad Mohyi,Wathiq,Aswad,Mohyi
Nobuyuki Sato,Nobuyuki,,Sato
"Ward, Amber S.",Amber,S,Ward
"Sartori, Vince",Vince,,Sartori
"Daly, Barbara",Barbara,,Daly
Sarce Aronggear,Sarce,,Aronggear
Stefan Banach,Stefan,,Banach
Brandon Routh,Brandon,,Routh
"Mackie, Helen",Helen,,Mackie
"Singer, Emily",Emily,,Singer
Wayne Daniel Ough,Wayne,Daniel,Ough
Jonathan Teplitzky,Jonathan,,Teplitzky
"Abbondanza, Stephen R.",Stephen,R,Abbondanza
Elisabeth Kouassi,Elisabeth,,Kouassi
"Peterson, Chris",Chris,,Peterson
Otto Michtits,Otto,,Michtits
"Grice, Nicola",Nicola,,Grice
Siegfried Sageder,Siegfried,,Sageder
Gnter Twiesselmann,Gnter,,Twiesselmann
Naser Al-Otaibi,Naser,,Al-Otaibi
"Navarro-Sierra, Maritza",Maritza,,Navarro-Sierra
Luciana Mendoza,Luciana,,Mendoza
Tony Moulay,Tony,,Moulay
Edward Collingwood,Edward,,Collingwood
Jodie Foster,Jodie,,Foster
"Ogilvie, Scott",Scott,,Ogilvie
Denys V'iacheslavovych Kushnirov,Denys,V'iacheslavovych,Kushnirov
"Tosoni, Carrie E.",Carrie,E,Tosoni
"Moretti, Laura J.",Laura,J,Moretti
Antonn Schwarz,Antonn,,Schwarz
"Cornelius, Bobbi L.",Bobbi,L,Cornelius
"Chavez, Roberto",Roberto,,Chavez
Toby Jenkins,Toby,,Jenkins
Roque Solano,Roque,,Solano
Phm Th Ph,Phm,Th,Ph
Alexandra Louise Verbeek,Alexandra,Louise,Verbeek
"Adam, Natalie",Natalie,,Adam
"Stavert, Robert",Robert,,Stavert
Alyssa Manley,Alyssa,,Manley
"Borish, Tom",Tom,,Borish
Adrian Blair,Adrian,,Blair
Gustavo Colonnetti,Gustavo,,Colonnetti
"Schiller, Robin",Robin,,Schiller
"Votteler, Jeffrey",Jeffrey,,Votteler
"Godlewsky, Thomas",Thomas,,Godlewsky
Ren Million,Ren,,Million
Lungile Gongqa,Lungile,,Gongqa
Jacek Bielski,Jacek,,Bielski
Alec Baldwin,Alec,,Baldwin
"Irvine, Heather",Heather,,Irvine
Sage Kotsenburg,Sage,,Kotsenburg
Nikolay Stepanovich Gorbachov,Nikolay,Stepanovich,Gorbachov
John David Pearce,John,David,Pearce
"Hamilton, Jennifer",Jennifer,,Hamilton
"Oliver, David E.",David,E,Oliver
Iker Joseba Zubizarreta,Iker,Joseba,Zubizarreta
"Sunstrum, Chris",Chris,,Sunstrum
Eliudis Bentez,Eliudis,,Bentez
Jennifer Lawrence,Jennifer,,Lawrence
Marla Sokoloff,Marla,,Sokoloff
Hector Munro Macdonald,Hector,Munro,Macdonald
"Yung, Betty",Betty,,Yung
"Mackinnon, Melissa E.",Melissa,E,Mackinnon
Linda Kathleen Murphy,Linda,Kathleen,Murphy
Wisdom Mumba Chansa,Wisdom,Mumba,Chansa
Josif Shtokalo,Josif,,Shtokalo
"O'Sullivan, Pamela",Pamela,,O'Sullivan
"Perzyk, Karen",Karen,,Perzyk
ric Alard,ric,,Alard
Dmitry Aleksandrovich Volkov,Dmitry,Aleksandrovich,Volkov
"Labrie, Sarah",Sarah,,Labrie
"Garcia, Lisandra",Lisandra,,Garcia
Robert Ben Garant,Robert,Ben,Garant
"Clowes, Dana",Dana,,Clowes
Eimantas Stanionis,Eimantas,,Stanionis
Stefan Kuhn,Stefan,,Kuhn
Alvaro Vilela Jurandir,Alvaro,Vilela,Jurandir
Helmut Hadwiger,Helmut,,Hadwiger
"Russell, Aaron",Aaron,,Russell
"Gurland, Joshua D.",Joshua,D,Gurland
Georges Lonet,Georges,,Lonet
Chen Shu-Chuan,Chen,,Shu-Chuan
"Ruiz, Leila",Leila,,Ruiz
Riardas Vaitkeviius,Riardas,,Vaitkeviius
"Costa, Maria C.",Maria,C,Costa
Solomon Lefschetz,Solomon,,Lefschetz
Oksana Mykhailivna Kashchyshyna,Oksana,Mykhailivna,Kashchyshyna
Kim Lamarre,Kim,,Lamarre
Aleksandar Kolarov,Aleksandar,,Kolarov
"Elliott, Scott M.",Scott,M,Elliott
Ccile Hane,Ccile,,Hane
Daniel A. Glomb,Daniel,A,Glomb
Knut Kvalheim,Knut,,Kvalheim
"Palframan, Roger T.",Roger,T,Palframan
Anatoliy Petrovych Yarosh,Anatoliy,Petrovych,Yarosh
Kiefer Sutherland,Kiefer,,Sutherland
Emil Henriques,Emil,,Henriques
"Tekele, Tesfalem",Tesfalem,,Tekele
David Efford Chabala,David,Efford,Chabala
Tamara Awerbuch-Friedlander,Tamara,,Awerbuch-Friedlander
Eduard Budil,Eduard,,Budil
William Paterson,William,,Paterson
Bastien Ripoll,Bastien,,Ripoll
James Bobin,James,,Bobin
Moise Pomaney,Moise,,Pomaney
"Gallardo, Michael A.",Michael,A,Gallardo
"Harper, David A.",David,A,Harper
Yuri Petunin,Yuri,,Petunin
"Cox, Vickie A.",Vickie,A,Cox
"Racano, Tommy",Tommy,,Racano
Valery Glivenko,Valery,,Glivenko
"Allen, Ashley",Ashley,,Allen
"King, William B.",William,B,King
Erik Hjalmar Lundqvist,Erik,Hjalmar,Lundqvist
Edna Gross,Edna,,Gross
"Snow, Julie",Julie,,Snow
Justus Ketchum Smith,Justus,Ketchum,Smith
Mariano G. Silva,Mariano,G,Silva
Heather Blanche Goodman,Heather,Blanche,Goodman
Rabi Raj Thapa,Rabi,Raj,Thapa
Jorge Alberto Gaday,Jorge,Alberto,Gaday
Corey Blechman,Corey,,Blechman
Josephine Henning,Josephine,,Henning
Charles Ssekyaaya,Charles,,Ssekyaaya
Per Christian Rntved,Per,Christian,Rntved
"Gamez, Arturo",Arturo,,Gamez
"Rovelli, Gena",Gena,,Rovelli
"Shea, Cathy",Cathy,,Shea
"Cameron, Donna",Donna,,Cameron
Armando Melgar Nelson,Armando,Melgar,Nelson
Robert Kaplow,Robert,,Kaplow
Aleksejs Auzi,Aleksejs,,Auzi
Henryk Ganzera,Henryk,,Ganzera
"Donahue, Hilary",Hilary,,Donahue
Lus Silva,Lus,,Silva
Mike Binder,Mike,,Binder
"Harvey, Emily S.",Emily,S,Harvey
Filip Wilhelm Fischer,Filip,Wilhelm,Fischer
Danny Reginald Rombley,Danny,Reginald,Rombley
"Nawoj, Alan J.",Alan,J,Nawoj
Herold Truffer,Herold,,Truffer
Maxwell S. Gamble,Maxwell,S,Gamble
Leonidas Pappas,Leonidas,,Pappas
Fbio Aurlio Rodrgues,Fbio,Aurlio,Rodrgues
"Brejcha, Barrie L.",Barrie,L,Brejcha
Ren Guyot,Ren,,Guyot
Pentti Arvi Laaksonen,Pentti,Arvi,Laaksonen
"Gill, Erin",Erin,,Gill
"Platten, Peter",Peter,,Platten
Zoran Mikuli,Zoran,,Mikuli
Trey Parker,Trey,,Parker
Tami Erin,Tami,,Erin
Amalia Loseno,Amalia,,Loseno
"King, Camilla C.",Camilla,C,King
Prapawadee Jaroenrattanatarakoon,Prapawadee,,Jaroenrattanatarakoon
"Gervais, Claudia",Claudia,,Gervais
"Mason, Rick",Rick,,Mason
"Hoyle, Rick",Rick,,Hoyle
"Blanchard, Carol",Carol,,Blanchard
"Stowell, Carrie",Carrie,,Stowell
Son Tae-Jin,Son,,Tae-Jin
Spiros Marazios,Spiros,,Marazios
Tom Davis,Tom,,Davis
Joseph LeRoy Organ,Joseph,LeRoy,Organ
Ferenc Kocsis,Ferenc,,Kocsis
"Navales, Eric T.",Eric,T,Navales
Ferdinand Gonseth,Ferdinand,,Gonseth
Park Jin-Seop,Park,,Jin-Seop
"Frasca, Carey A.",Carey,A,Frasca
Moeko Nagaoka,Moeko,,Nagaoka
"Coley, Roy",Roy,,Coley
"Lynch, Cindy G.",Cindy,G,Lynch
Duan Jingli,Duan,,Jingli
"Wilson, Katherine",Katherine,,Wilson
"Yost, David A.",David,A,Yost
Dejan Marovi,Dejan,,Marovi
Mihai Stoiculescu,Mihai,,Stoiculescu
Koshiro Onchi,Koshiro,,Onchi
Steven Lisberger,Steven,,Lisberger
Harry Srensen,Harry,,Srensen
"Haven, Stephanie",Stephanie,,Haven
Mitko Raykov Mitev,Mitko,Raykov,Mitev
"Manley, Donna R.",Donna,R,Manley
Danel Castro Muagorri,Danel,Castro,Muagorri
Romain De Loof,Romain,De,Loof
"Morgan, Cary",Cary,,Morgan
"Patterson, Cindy",Cindy,,Patterson
"Carlson, Ryann",Ryann,,Carlson
"Torrey, Eleanor H.",Eleanor,H,Torrey
"Berman, Alison",Alison,,Berman
"McGuire, Tim",Tim,,McGuire
"Powers, Ed",Ed,,Powers
"Gilkey, Donald D.",Donald,D,Gilkey
Lida Fariman,Lida,,Fariman
Sang Yang,Sang,,Yang
"Holmes, Brennan",Brennan,,Holmes
Balzs Erdlyi,Balzs,,Erdlyi
"Hamel, Jen Rene",Jen,Rene,Hamel
Maurice Bigelow Biscoe,Maurice,Bigelow,Biscoe
"Bolter, Dirk",Dirk,,Bolter
"Kellam, Ashley",Ashley,,Kellam
Horng-Tzer Yau,Horng-Tzer,,Yau
"Cullen, Daniel",Daniel,,Cullen
"Stefansson, Erlendur",Erlendur,,Stefansson
"Leun, Dianna L.",Dianna,L,Leun
Liu Zhen,Liu,,Zhen
"Lopes, Tony",Tony,,Lopes
Hamza Nagga,Hamza,,Nagga
"Verry, Chad",Chad,,Verry
"Wendt, Cindy M.",Cindy,M,Wendt
"Metzger, Laura",Laura,,Metzger
"Jek, Piotr",Piotr,,Jek
"Saunders, Michelle",Michelle,,Saunders
"Ramirez, Elizabeth",Elizabeth,,Ramirez
Makhach Dalgatovich Murtazaliyev,Makhach,Dalgatovich,Murtazaliyev
"Ruesch, Robert",Robert,,Ruesch
Prviz Barov,Prviz,,Barov
"Saunders, Todd R.",Todd,R,Saunders
"Campbell, Sean A.",Sean,A,Campbell
Janine Elizabeth Beckie,Janine,Elizabeth,Beckie
Yrj Rainer Pelkonen,Yrj,Rainer,Pelkonen
Yang Dal-Sik,Yang,,Dal-Sik
"Villalobos, Luis R.",Luis,R,Villalobos
"Bapties, Susan A.",Susan,A,Bapties
Denis W. Hallett,Denis,W,Hallett
Jue Chin-Shen,Jue,,Chin-Shen
"Riley, Laura A.",Laura,A,Riley
"Kieffert, Annick",Annick,,Kieffert
Frederick William MacMonnies,Frederick,William,MacMonnies
"Tang, Gilbert",Gilbert,,Tang
Georg R. Faehlmann,Georg,R,Faehlmann
Virginie Michanol,Virginie,,Michanol
Robert Pfitscher,Robert,,Pfitscher
John Doms,John,,Doms
"Broda, Nancy H.",Nancy,H,Broda
"Chan, Yuen Ching",Yuen,Ching,Chan
"Chomicki, Phillip",Phillip,,Chomicki
Paul Ingemar Burgstrm,Paul,Ingemar,Burgstrm
Graeme Leslie Samuel,Graeme,Leslie,Samuel
Jacinto Ciria Cruz,Jacinto,Ciria,Cruz
Amilio Rodrguez,Amilio,,Rodrguez
"Herrarte, Julio C.",Julio,C,Herrarte
"Herrera, Patty",Patty,,Herrera
"Fiander, Christopher",Christopher,,Fiander
Ernst Einar Rosengren,Ernst,Einar,Rosengren
Nasir Gadihanov,Nasir,,Gadihanov
Gary M. Goodman,Gary,M,Goodman
"Kennis, Michelle R.",Michelle,R,Kennis
Jos Antonio Urquijo,Jos,Antonio,Urquijo
Farag Ali,Farag,,Ali
Brian E. Sell,Brian,E,Sell
Alexandre Altair Soares,Alexandre,Altair,Soares
Brz Magaldi,Brz,,Magaldi
"Wong, Hiu Po",Hiu,Po,Wong
Gnter Schaumburg,Gnter,,Schaumburg
Dienov Andrs Koka,Dienov,Andrs,Koka
"Dance, Art",Art,,Dance
Jo Dong-Beom,Jo,,Dong-Beom
Katsuo Okazaki,Katsuo,,Okazaki
"Crawford, Kc",Kc,,Crawford
Hans Wedemann,Hans,,Wedemann
"Gomez, Gabriel E.",Gabriel,E,Gomez
"Freeman, Pam",Pam,,Freeman
"Elliott, Gig",Gig,,Elliott
Andrew Sambu,Andrew,,Sambu
"Nettik, Jenni",Jenni,,Nettik
"Costantini, Julie R.",Julie,R,Costantini
Peter Winkler,Peter,,Winkler
Wang Dan,Wang,,Dan
"Saevarsson, Kjartan",Kjartan,,Saevarsson
Hermann Teuber,Hermann,,Teuber
"Wikan, Jennifer A.",Jennifer,A,Wikan
Jan Martin Andersson,Jan,Martin,Andersson
Javier Munoz,Javier,,Munoz
Ismail Mustafa al-Falaki,Ismail,Mustafa,al-Falaki
"Carlman, Anna R.",Anna,R,Carlman
"Huml, Marianne",Marianne,,Huml
Stephanie Marie Enright,Stephanie,Marie,Enright
Todd Solondz,Todd,,Solondz
Julien Depuychaffray,Julien,,Depuychaffray
Nicole L. Freedman,Nicole,L,Freedman
"Giuliano, Paul",Paul,,Giuliano
"Johnson, Maverick",Maverick,,Johnson
Reese Witherspoon,Reese,,Witherspoon
"Johnson, Francisco W.",Francisco,W,Johnson
David Taylor Somerville,David,Taylor,Somerville
"Heely, John",John,,Heely
Einar Jrgensen Stensrud,Einar,Jrgensen,Stensrud
Josias Hartmann,Josias,,Hartmann
Vince Vaughn,Vince,,Vaughn
"Burrows, Jennifer",Jennifer,,Burrows
"Lin, Ming-Chih",Ming-Chih,,Lin
"Hollett, Philip",Philip,,Hollett
Yekaterina Ilyinichna Petukhova,Yekaterina,Ilyinichna,Petukhova
Dolores Richard Spikes,Dolores,Richard,Spikes
Kurt Maeder,Kurt,,Maeder
Malav Shroff,Malav,,Shroff
Claire Lambe,Claire,,Lambe
"Bishop, Tom",Tom,,Bishop
Sikke Bruinsma,Sikke,,Bruinsma
Ulunma Jerome,Ulunma,,Jerome
Anis Al-Chedli,Anis,,Al-Chedli
Michelangelo Bernasconi,Michelangelo,,Bernasconi
Aleksandr Valentinovich Sokolov,Aleksandr,Valentinovich,Sokolov
"Matlock, Jeff",Jeff,,Matlock
"Smith, Mandy K.",Mandy,K,Smith
Vito Melis,Vito,,Melis
"Metcalfe, Julia",Julia,,Metcalfe
Sanne Keizer,Sanne,,Keizer
Mohamed Machou,Mohamed,,Machou
"Cohen, Joshua",Joshua,,Cohen
Anier Bou,Anier,,Bou
"Whipple, Jane E.",Jane,E,Whipple
"Shimobayashi, Hisashi",Hisashi,,Shimobayashi
Lester Francel,Lester,,Francel
"Giambusso, Bella",Bella,,Giambusso
"Larvia, Martin",Martin,,Larvia
"Nakano, Yoko",Yoko,,Nakano
"Tuttle, Jim",Jim,,Tuttle
Endel Edasi,Endel,,Edasi
Peter Owen Nicholas,Peter,Owen,Nicholas
Anatoly Nikolayevich Kartashov,Anatoly,Nikolayevich,Kartashov
JoBeth Williams,JoBeth,,Williams
"Plyler, David W.",David,W,Plyler
"Speigle, Rachel L.",Rachel,L,Speigle
"Kosla, Daniel",Daniel,,Kosla
"Hudepohl, Joseph H.",Joseph,H,Hudepohl
"Lavoie, Marc",Marc,,Lavoie
"Hellweg, Deborah",Deborah,,Hellweg
Naomi Watts,Naomi,,Watts
"Chankseliani, Larissa",Larissa,,Chankseliani
"Chenguiti, Salah",Salah,,Chenguiti
Philippe Schaaf,Philippe,,Schaaf
Elas Rnar Sveinsson,Elas,Rnar,Sveinsson
"Frederick, John",John,,Frederick
"Bourassa, Justin T.",Justin,T,Bourassa
Giulio Racah,Giulio,,Racah
Zeki Eryldrm,Zeki,,Eryldrm
"Smith, Carla M.",Carla,M,Smith
"Saldivar, Luis G.",Luis,G,Saldivar
Andrzej Maria Sztolf,Andrzej,Maria,Sztolf
"Clary, Jon C.",Jon,C,Clary
scar Pineda Mndez,scar,Pineda,Mndez
Clint Eastwood,Clint,,Eastwood
Kim Gwi-Sun,Kim,,Gwi-Sun
"Hagstrom, Lorinda L.",Lorinda,L,Hagstrom
"Bolda, Thomas J.",Thomas,J,Bolda
Simon Barrett,Simon,,Barrett
Anne-Marie Pira,Anne-Marie,,Pira
"Vinciquerra, Joseph",Joseph,,Vinciquerra
Erwan Peron,Erwan,,Peron
Naiara Egozkue Extremado,Naiara,Egozkue,Extremado
Abi Morgan,Abi,,Morgan
Luzius Redi,Luzius,,Redi
Felipe K. Nunag,Felipe,K,Nunag
Sandra Stals,Sandra,,Stals
"Delaney, Erin M.",Erin,M,Delaney
Mary Vaughan,Mary,,Vaughan
"Ling, Chunfeng",Chunfeng,,Ling
"Root, Alexandra L.",Alexandra,L,Root
"Tsegay, Yemane Adhane",Yemane,Adhane,Tsegay
"Hadley, Joanne G.",Joanne,G,Hadley
"Nicholson, Nicholas A.",Nicholas,A,Nicholson
Kevin Williamson,Kevin,,Williamson
"Creath, Samantha",Samantha,,Creath
Anisa Petrova,Anisa,,Petrova
Zdenk ihk,Zdenk,,ihk
Migsey Dussu Armian,Migsey,Dussu,Armian
Saraswati Bhattarai,Saraswati,,Bhattarai
"Daniel, Jeanette",Jeanette,,Daniel
Lee Gwang-Yeong,Lee,,Gwang-Yeong
Peter Bredl,Peter,,Bredl
"Hirschmuller, Frederic",Frederic,,Hirschmuller
Xue Ruipeng,Xue,,Ruipeng
Roland Schrder,Roland,,Schrder
"Gauthier, Brian D.",Brian,D,Gauthier
Aleksandr Poddubny,Aleksandr,,Poddubny
Mark Andrus,Mark,,Andrus
Oscar Kempthorne,Oscar,,Kempthorne
"Pozzo, Louis",Louis,,Pozzo
Ilmari Keinnen,Ilmari,,Keinnen
Geoffrey Hamilton Holden,Geoffrey,Hamilton,Holden
Vjateslav Divonin,Vjateslav,,Divonin
"Russell, Christopher J.",Christopher,J,Russell
Andr Vorraber Costa,Andr,Vorraber,Costa
Oldich Zbrodsk,Oldich,,Zbrodsk
Tang Chiu Mang,Tang,Chiu,Mang
Roberto Casey Garca,Roberto,Casey,Garca
Ferdinand Ernst Felle,Ferdinand,Ernst,Felle
Manuel Verde Rios,Manuel,Verde,Rios
Mike Figgis,Mike,,Figgis
Mihail Petrov Ganev,Mihail,Petrov,Ganev
"Howard, Gabriella",Gabriella,,Howard
"Bandarovsky, Bruno P.",Bruno,P,Bandarovsky
"Christie, Lance R.",Lance,R,Christie
"Carriedo, Bruce",Bruce,,Carriedo
Erwin Franzkowiak,Erwin,,Franzkowiak
Taylor Hackford,Taylor,,Hackford
"Dekker, Christina",Christina,,Dekker
Lino Muoz Mandujano,Lino,Muoz,Mandujano
"Limuti, Christine M.",Christine,M,Limuti
"Chisholm, Katelyn",Katelyn,,Chisholm
"Newman, Joy",Joy,,Newman
"Kumrow, Thomas",Thomas,,Kumrow
Rick Michael Krivda,Rick,Michael,Krivda
Altan Diner,Altan,,Diner
Ruslana Petrivna Tsykhotska,Ruslana,Petrivna,Tsykhotska
"Chamberland, Sammie",Sammie,,Chamberland
"Harding, Wes P.",Wes,P,Harding
"Hagensick, Craig",Craig,,Hagensick
Mickey Rourke,Mickey,,Rourke
Zbigniew Jasiukiewicz,Zbigniew,,Jasiukiewicz
Xavier Zequeira Blanco,Xavier,Zequeira,Blanco
Boris Rufimovich Vainberg,Boris,Rufimovich,Vainberg
Martin Allikvee,Martin,,Allikvee
Yassine Mezlini,Yassine,,Mezlini
Noga Alon,Noga,,Alon
Tracey Lambrechs,Tracey,,Lambrechs
Kevin Smith,Kevin,,Smith
"Wang, Xiaohui",Xiaohui,,Wang
"Nix, Louis",Louis,,Nix
"Hawkins, Jeffrey",Jeffrey,,Hawkins
Zvonko Cimermani,Zvonko,,Cimermani
"Marks, Lisa",Lisa,,Marks
Nasir Lamine,Nasir,,Lamine
"O'Brien, Meghan E.",Meghan,E,O'Brien
"Keller, Regina M.",Regina,M,Keller
Nikolai V. Ivanov,Nikolai,V,Ivanov
"Kelly, Dara B.",Dara,B,Kelly
Richard John Hine,Richard,John,Hine
Limichael Shine,Limichael,,Shine
"Black, Jennifer",Jennifer,,Black
"Stephanou, Jorge",Jorge,,Stephanou
Jim Carrey,Jim,,Carrey
"Conte, Luigi",Luigi,,Conte
Sadiq Umar,Sadiq,,Umar
Jean-Pierre Malavasi,Jean-Pierre,,Malavasi
"Xu, Jing",Jing,,Xu
Douglas George Churchill,Douglas,George,Churchill
"Human, Margaret",Margaret,,Human
Eamonn McKeon,Eamonn,,McKeon
Aramis Nagli,Aramis,,Nagli
"Foley, Allison R.",Allison,R,Foley
Neithalath Mohan Kumar,Neithalath,Mohan,Kumar
Angeliki Karapataki,Angeliki,,Karapataki
"Guter, Austin",Austin,,Guter
"Ross, Charles C.",Charles,C,Ross
Ezequiel Osvaldo Maderna,Ezequiel,Osvaldo,Maderna
Erasmo Salemme,Erasmo,,Salemme
"Garrett, Michael P.",Michael,P,Garrett
Jacques Carbonneau,Jacques,,Carbonneau
Yuri Valentinovich Nesterenko,Yuri,Valentinovich,Nesterenko
"Sweeney, Shannon",Shannon,,Sweeney
"Mutz, Jenna",Jenna,,Mutz
"Cakounes, Amy",Amy,,Cakounes
Simon Newcomb,Simon,,Newcomb
Jude Law,Jude,,Law
Pam Gibson,Pam,,Gibson
Byron Rosas,Byron,,Rosas
"Friedman, Stacy",Stacy,,Friedman
Igor Alekseyevich Kashkarov,Igor,Alekseyevich,Kashkarov
"Egizi, Stephanie A.",Stephanie,A,Egizi
John Lester Miller,John,Lester,Miller
"Barry, Janice L.",Janice,L,Barry
Kim Frazer,Kim,,Frazer
"Markowski, Jennifer",Jennifer,,Markowski
"Fraiberg, Erica",Erica,,Fraiberg
"Purhar, Neelam",Neelam,,Purhar
"Taunton-Rigby, Jason E.",Jason,E,Taunton-Rigby
Anna Tabacchi,Anna,,Tabacchi
"Sugarman, Rebecca",Rebecca,,Sugarman
"Hancock, Stuart",Stuart,,Hancock
"Fortin, Richard",Richard,,Fortin
Choi Tae-Seop,Choi,,Tae-Seop
Anton Milanov Kuzov,Anton,Milanov,Kuzov
"Murkve, Linda",Linda,,Murkve
"Jaagant, Priit",Priit,,Jaagant
Gerd May,Gerd,,May
"Bohinski, Susan",Susan,,Bohinski
Kheta Ram,Kheta,,Ram
Catherine Goldstein,Catherine,,Goldstein
Anton Andreyevich Lyuboslavsky,Anton,Andreyevich,Lyuboslavsky
Remzi Musaolu,Remzi,,Musaolu
"Mariotti, Debbee",Debbee,,Mariotti
Dexter Fletcher,Dexter,,Fletcher
Celestino Midali,Celestino,,Midali
"Wexler, Rachel L.",Rachel,L,Wexler
"Gambino, Emily A.",Emily,A,Gambino
Mohamed Al-Jahani,Mohamed,,Al-Jahani
"Godale, Mark",Mark,,Godale
"Huneault, Yannick",Yannick,,Huneault
Benjamin Walker,Benjamin,,Walker
"Nadauld, Anndee",Anndee,,Nadauld
"Lange, Darcy L.",Darcy,L,Lange
Jaroslav Vtek,Jaroslav,,Vtek
Marcos Ondruska,Marcos,,Ondruska
"Sullivan, Mark A.",Mark,A,Sullivan
Yoland Levque,Yoland,,Levque
"Tasker, Jim",Jim,,Tasker
"Dochoda, Crissy",Crissy,,Dochoda
"Mellors, Jane",Jane,,Mellors
Vicente Brugat Vicens,Vicente,Brugat,Vicens
Moises Snchez Parra,Moises,Snchez,Parra
"Oneill, Michael",Michael,,Oneill
"Gregory, Cass",Cass,,Gregory
"Connors, Kelly",Kelly,,Connors
Kevin John Wickham,Kevin,John,Wickham
Roger Jouy,Roger,,Jouy
"Norwood, Brent I.",Brent,I,Norwood
Duan Maravi,Duan,,Maravi
Lee Sang-Ho,Lee,,Sang-Ho
Yuliya Nikolayevna Soldatova,Yuliya,Nikolayevna,Soldatova
Antti Sakari Tickln,Antti,Sakari,Tickln
Pierre Blanger,Pierre,,Blanger
"Betz, Joseph",Joseph,,Betz
"Case, Todd",Todd,,Case
"Dechnik, Michael",Michael,,Dechnik
"Stracey, Steve",Steve,,Stracey
"Difebbo, Dennis",Dennis,,Difebbo
Sergey Pakura,Sergey,,Pakura
Kenta Kazuno,Kenta,,Kazuno
Hugh Grant,Hugh,,Grant
Carlos Castro Sedano,Carlos,Castro,Sedano
Naum Z. Shor,Naum,Z,Shor
Yvonne Choquet-Bruhat,Yvonne,,Choquet-Bruhat
Alfred Radke,Alfred,,Radke
"Gomez, Oscar",Oscar,,Gomez
Khenmedekhiin Amaraa,Khenmedekhiin,,Amaraa
"Healy, Declan G.",Declan,G,Healy
Dennis Trewin,Dennis,,Trewin
"Veilleux-Perron, Edouard",Edouard,,Veilleux-Perron
Sverine Anne-Marie Vandenhende,Sverine,Anne-Marie,Vandenhende
Ned Benson,Ned,,Benson
"Gillanders, Robert",Robert,,Gillanders
"Merchant, Daniel",Daniel,,Merchant
Christine Smith Collins,Christine,Smith,Collins
"Montez, Ricky",Ricky,,Montez
"Burge, Elise",Elise,,Burge
"Turken, Danny",Danny,,Turken
"Witherell, Colton T.",Colton,T,Witherell
"Ruggiero, Vito",Vito,,Ruggiero
"Marsh, Jennifer M.",Jennifer,M,Marsh
Raffaello Giannoni,Raffaello,,Giannoni
Heather Langenkamp,Heather,,Langenkamp
James Franco,James,,Franco
"Mayer, Rita",Rita,,Mayer
"Haws, Tammy",Tammy,,Haws
Sacha Valleau,Sacha,,Valleau
"Alyn, Lyndsey M.",Lyndsey,M,Alyn
Pr Mikael Lindn,Pr,Mikael,Lindn
Hans Kuster,Hans,,Kuster
"Mallozzi, Melody D.",Melody,D,Mallozzi
Christopher Bevan,Christopher,,Bevan
Anurag Basu,Anurag,,Basu
"Benedetti, Christine",Christine,,Benedetti
"Read-Brown, Ken",Ken,,Read-Brown
"Warkenthien, Lauren",Lauren,,Warkenthien
Nick Cannon,Nick,,Cannon
Olaf Wildeboer Faber,Olaf,Wildeboer,Faber
Gladys Mary Davis,Gladys,Mary,Davis
Nadiya Oleksandriwna Billova,Nadiya,Oleksandriwna,Billova
"Harris, Paul",Paul,,Harris
Pavel Sergeyevich Abramov,Pavel,Sergeyevich,Abramov
"Gardner, Will",Will,,Gardner
Carlos Espejo Prez,Carlos,Espejo,Prez
"Blood, Alan",Alan,,Blood
"Moyneur, Jill",Jill,,Moyneur
Despoina Theodoridou,Despoina,,Theodoridou
Alice Maxine Cook,Alice,Maxine,Cook
Clive Owen,Clive,,Owen
"Brown, Michael C.",Michael,C,Brown
"Booth, Susie",Susie,,Booth
"Rangan, Venkat",Venkat,,Rangan
Nicolae Niu,Nicolae,,Niu
Mohamed Amin Ouadahi,Mohamed,Amin,Ouadahi
Sandra Goldbach,Sandra,,Goldbach
Steve Conrad,Steve,,Conrad
"Oba, Yukiko",Yukiko,,Oba
Jodie Leanne Rogers,Jodie,Leanne,Rogers
Martin Wierig,Martin,,Wierig
Anry Nersessian,Anry,,Nersessian
"Jeter, Bonita R.",Bonita,R,Jeter
"Blake, William R.",William,R,Blake
"Jewell, Brent",Brent,,Jewell
Salem Mehaizaa,Salem,,Mehaizaa
Ariya Jutanugarn,Ariya,,Jutanugarn
Ehren Kruger,Ehren,,Kruger
"Kirk, Molly",Molly,,Kirk
Antonios Bountouris,Antonios,,Bountouris
"Lerma, Krysten D.",Krysten,D,Lerma
"Smith, Eugene",Eugene,,Smith
"Madden, Sandy",Sandy,,Madden
Hamadi Camara,Hamadi,,Camara
Sho Kawamoto,Sho,,Kawamoto
Manuel Lobo Vidal,Manuel,Lobo,Vidal
John Charles Stack,John,Charles,Stack
mmanuel Charlot,mmanuel,,Charlot
Harrison Ford,Harrison,,Ford
"Teel, Marilyn S.",Marilyn,S,Teel
"Wolfe, Vanessa",Vanessa,,Wolfe
"Lundin, Scott C.",Scott,C,Lundin
Chakir Ansari,Chakir,,Ansari
Mervyn L. McKinnon,Mervyn,L,McKinnon
"Birchall, Lynn M.",Lynn,M,Birchall
Takashi Eto,Takashi,,Eto
Jorge Tern Hernndez,Jorge,Tern,Hernndez
"Hebert, Karl",Karl,,Hebert
Peter Killworth,Peter,,Killworth
"Smith, Lester H.",Lester,H,Smith
"Duke, Caroline",Caroline,,Duke
"Taylor, David",David,,Taylor
"Stern, Alisa",Alisa,,Stern
"Siqueira, Rodolfo",Rodolfo,,Siqueira
"MacNaughton, Katherine",Katherine,,MacNaughton
"Aitken, Kyle",Kyle,,Aitken
"Mehrenberger, Pascal",Pascal,,Mehrenberger
Lisa Jeffrey,Lisa,,Jeffrey
"Loiselle, Rachel C.",Rachel,C,Loiselle
"Splete, Heidi",Heidi,,Splete
Francis Veber,Francis,,Veber
Francesco Antonioli,Francesco,,Antonioli
Takumi Mori,Takumi,,Mori
"Bouaichi, Abdel",Abdel,,Bouaichi
Maria E. Schonbek,Maria,E,Schonbek
Julius A. Sedame,Julius,A,Sedame
Gabriel Macht,Gabriel,,Macht
"Harris, James",James,,Harris
"Preiss, Mark",Mark,,Preiss
"Greenhill, Shawn P.",Shawn,P,Greenhill
"Cordoba, Oliver",Oliver,,Cordoba
"Shih, Hao-Chiun",Hao-Chiun,,Shih
"Schwartz, Xavier V.",Xavier,V,Schwartz
"Quispe, Michael",Michael,,Quispe
Jerusha Hess,Jerusha,,Hess
Tahar Hamou,Tahar,,Hamou
"Evennou, Sandrine",Sandrine,,Evennou
"Newton, Frances M.",Frances,M,Newton
Sbastien Dockier,Sbastien,,Dockier
Michael Tolkin,Michael,,Tolkin
Lucien Biquet,Lucien,,Biquet
Jess Vzquez Medina,Jess,Vzquez,Medina
"Sousa, Colleen E.",Colleen,E,Sousa
Jonatan Johansson,Jonatan,,Johansson
John Thomas Shadden,John,Thomas,Shadden
Darren Lemke,Darren,,Lemke
Jia Lianren,Jia,,Lianren
"Kelley, Mark",Mark,,Kelley
"Yoshitomi, Kazuhiro",Kazuhiro,,Yoshitomi
"Davenport, Dawne",Dawne,,Davenport
Charles Auguste Briot,Charles,Auguste,Briot
"Ness, Ryan W.",Ryan,W,Ness
"Bauten, Birgit",Birgit,,Bauten
Jeffrey Price,Jeffrey,,Price
Muhammad Umar Bhutta,Muhammad,Umar,Bhutta
Julian Velsquez,Julian,,Velsquez
Diana Encinas Evans,Diana,Encinas,Evans
Carel Willem Dekker,Carel,Willem,Dekker
Aziz Ali,Aziz,,Ali
Tom Kenny,Tom,,Kenny
Bernard Drubay,Bernard,,Drubay
"Cheetam, Jacqueline",Jacqueline,,Cheetam
"Jackson, Darren M.",Darren,M,Jackson
"Fulton, Max",Max,,Fulton
"Janelle, Christian",Christian,,Janelle
Elijah Wood,Elijah,,Wood
Lasa Lerus,Lasa,,Lerus
Walter Feistritzer,Walter,,Feistritzer
Mohammad Ibrahim Gharzai,Mohammad,Ibrahim,Gharzai
"Davidson, Ryan T.",Ryan,T,Davidson
Sabrina Dhawan,Sabrina,,Dhawan
"Bolanos, Monica",Monica,,Bolanos
Henry Wallman,Henry,,Wallman
Ed Boon,Ed,,Boon
"Heflin, Paul",Paul,,Heflin
Adille Sumariwalla,Adille,,Sumariwalla
"Juppe, Michael",Michael,,Juppe
"Welch, Kevin",Kevin,,Welch
Jean Tholey,Jean,,Tholey
Antonio Nava Cano,Antonio,Nava,Cano
Michael Spierig,Michael,,Spierig
Dirk Meusel,Dirk,,Meusel
"Sowinski, Michael",Michael,,Sowinski
Pierre Mazille,Pierre,,Mazille
"Ragals, Debbie",Debbie,,Ragals
"Schulz, Alexander",Alexander,,Schulz
"Oliver, Paul",Paul,,Oliver
Chou Tien-Chen,Chou,,Tien-Chen
"Campbell, Gary W.",Gary,W,Campbell
Manu Attri,Manu,,Attri
"Young, Bethany C.",Bethany,C,Young
Richard William Barraclough,Richard,William,Barraclough
Emmanuel Nkurunziza,Emmanuel,,Nkurunziza
Godtfred Holmvang,Godtfred,,Holmvang
Petrea Webster,Petrea,,Webster
Cristian Tello Herrera,Cristian,Tello,Herrera
"Sullivan, Mark W.",Mark,W,Sullivan
Atanas Mladenov,Atanas,,Mladenov
"Oxborough, Abigayle M.",Abigayle,M,Oxborough
George Logemann,George,,Logemann
Khasanbi Urusbiyevich Taov,Khasanbi,Urusbiyevich,Taov
"Hubert, Katie",Katie,,Hubert
David O'Loughlin,David,,O'Loughlin
"Heslop, David",David,,Heslop
Jenny Toitgans,Jenny,,Toitgans
"Wiener, Anthony",Anthony,,Wiener
"Mcgovern, Christopher",Christopher,,Mcgovern
Enrique Villaplana Vargas,Enrique,Villaplana,Vargas
Josef Feistauer,Josef,,Feistauer
Amar'e Carsares Stoudemire,Amar'e,Carsares,Stoudemire
Herbert Rogge,Herbert,,Rogge
Shoko Wada,Shoko,,Wada
"Richesin-Plouffe, Lynne",Lynne,,Richesin-Plouffe
"Shin, Kilsun",Kilsun,,Shin
"Richterich, Melissa M.",Melissa,M,Richterich
Brett Russell Lawrie,Brett,Russell,Lawrie
Yukiko Ebata,Yukiko,,Ebata
